Daily report,,Version:,4,,,,,,,,,,,,,
0 ,,Build date:,2020-05-06,,,,,,,,,,,,,
,,Run date:,2020-05-12,,,,,,,,,,,,,
,,,,,,,,,,,,,,,,
,,,,,,,,,,,,,,,,
,,,,,,,,,,,,,,,,
Day,,,,Growing,Above,Canopy,Green,,Crop,Leaf,,,,,Soil,Soil
of,,,Growth,degree,ground,ground,area,Root,water,water,Evapotranspiration,Evapotranspiration,Transpiration,transpiration,evaporation,evaporation
year,Irrigation,Precipitation,stage,days,biomass (drywt),cover,index,depth,stress,potential,maximum,actual,potential,actual,pot.,act.
,(mm),(mm),,,(kg/ha),(%),(m2/m2),(m),index,(J/kg),(mm),(mm),(mm),(mm),(mm),(mm)
,,,,,,,,,,,,,,,,
2,0,0,0,0,0,0,0,0,0,0,0.415162502,0.415162502,0,0,0.415162502,0.415162502
3,0,0,0,0,0,0,0,0,0,0,0.536360289,0.536360289,0,0,0.536360289,0.536360289
4,0,0,0,0,0,0,0,0,0,0,0.731560654,0.731560654,0,0,0.731560654,0.731560654
5,0,0,0,0,0,0,0,0,0,0,0.405180097,0.405180097,0,0,0.405180097,0.405180097
6,0,0,0,0,0,0,0,0,0,0,0.794866004,0.794866004,0,0,0.794866004,0.794866004
7,0,10.16000006,0,0,0,0,0,0,0,0,1.342842638,1.342842638,0,0,1.342842638,1.342842638
8,0,0.510000042,0,0,0,0,0,0,0,0,0.917853103,0.917853103,0,0,0.917853103,0.917853103
9,0,0,0,0,0,0,0,0,0,0,1.959930219,1.959930219,0,0,1.959930219,1.959930219
10,0,0,0,0,0,0,0,0,0,0,0.939185676,0.939185676,0,0,0.939185676,0.939185676
11,0,0,0,0,0,0,0,0,0,0,0.943410121,0.783515285,0,0,0.943410121,0.783515285
12,0,0,0,0,0,0,0,0,0,0,0.846803643,0.199026565,0,0,0.846803643,0.199026565
13,0,0,0,0,0,0,0,0,0,0,0.741525552,0.105089062,0,0,0.741525552,0.105089062
14,0,0.250000012,0,0,0,0,0,0,0,0,0.811770269,0.168310005,0,0,0.811770269,0.168310005
15,0,0,0,0,0,0,0,0,0,0,0.901330644,0.119238715,0,0,0.901330644,0.119238715
16,0,0,0,0,0,0,0,0,0,0,0.244165047,0.021800763,0,0,0.244165047,0.021800763
17,0,0,0,0,0,0,0,0,0,0,0.526392425,0.043340765,0,0,0.526392425,0.043340765
18,0,0,0,0,0,0,0,0,0,0,0.25739391,0.017850837,0,0,0.25739391,0.017850837
19,0,0,0,0,0,0,0,0,0,0,0.326597295,0.021009506,0,0,0.326597295,0.021009506
20,0,0,0,0,0,0,0,0,0,0,0.216926821,0.012724437,0,0,0.216926821,0.012724437
21,0,0,0,0,0,0,0,0,0,0,0.335975292,0.018596386,0,0,0.335975292,0.018596386
22,0,0,0,0,0,0,0,0,0,0,0.384010013,0.0194653,0,0,0.384010013,0.0194653
23,0,0,0,0,0,0,0,0,0,0,0.274414736,0.012631432,0,0,0.274414736,0.012631432
24,0,0.250000012,0,0,0,0,0,0,0,0,0.736510965,0.087036135,0,0,0.736510965,0.087036135
25,0,2.540000016,0,0,0,0,0,0,0,0,0.263740941,0.263740941,0,0,0.263740941,0.263740941
26,0,1.520000049,0,0,0,0,0,0,0,0,0.249542789,0.249542789,0,0,0.249542789,0.249542789
27,0,0,0,0,0,0,0,0,0,0,1.195003917,1.195003917,0,0,1.195003917,1.195003917
28,0,0,0,0,0,0,0,0,0,0,0.853737333,0.853737333,0,0,0.853737333,0.853737333
29,0,0,0,0,0,0,0,0,0,0,1.192441601,1.192441601,0,0,1.192441601,1.192441601
30,0,0,0,0,0,0,0,0,0,0,1.834783796,0.392824206,0,0,1.834783796,0.392824206
31,0,0,0,0,0,0,0,0,0,0,1.787989789,0.110737165,0,0,1.787989789,0.110737165
32,0,0,0,0,0,0,0,0,0,0,1.834292723,0.065233966,0,0,1.834292723,0.065233966
33,0,0,0,0,0,0,0,0,0,0,1.321677662,0.030968067,0,0,1.321677662,0.030968067
34,0,0.250000012,0,0,0,0,0,0,0,0,0.419017054,0.031070417,0,0,0.419017054,0.031070417
35,0,0,0,0,0,0,0,0,0,0,1.023632019,0.066766704,0,0,1.023632019,0.066766704
36,0,0,0,0,0,0,0,0,0,0,1.418264057,0.068050268,0,0,1.418264057,0.068050268
37,0,0,0,0,0,0,0,0,0,0,2.025339326,0.067088724,0,0,2.025339326,0.067088724
38,0,0,0,0,0,0,0,0,0,0,0.962942215,0.02038031,0,0,0.962942215,0.02038031
39,0,0,0,0,0,0,0,0,0,0,1.538362056,0.027782281,0,0,1.538362056,0.027782281
40,0,0,0,0,0,0,0,0,0,0,1.590102012,0.022616813,0,0,1.590102012,0.022616813
41,0,0,0,0,0,0,0,0,0,0,1.689293509,0.019322777,0,0,1.689293509,0.019322777
42,0,0,0,0,0,0,0,0,0,0,1.608759514,0.014959933,0,0,1.608759514,0.014959933
43,0,0,0,0,0,0,0,0,0,0,1.745753224,0.013607688,0,0,1.745753224,0.013607688
44,0,0,0,0,0,0,0,0,0,0,2.083004607,0.013626186,0,0,2.083004607,0.013626186
45,0,0,0,0,0,0,0,0,0,0,1.883212297,0.010163193,0,0,1.883212297,0.010163193
46,0,0,0,0,0,0,0,0,0,0,1.910748341,0.008817093,0,0,1.910748341,0.008817093
47,0,0,0,0,0,0,0,0,0,0,2.267551629,0.009037128,0,0,2.267551629,0.009037128
48,0,0,0,0,0,0,0,0,0,0,2.63003601,0.008911798,0,0,2.63003601,0.008911798
49,0,0,0,0,0,0,0,0,0,0,1.320163985,0.003758781,0,0,1.320163985,0.003758781
50,0,0,0,0,0,0,0,0,0,0,1.661313494,0.004374288,0,0,1.661313494,0.004374288
51,0,0,0,0,0,0,0,0,0,0,2.060465561,0.00493342,0,0,2.060465561,0.00493342
52,0,0,0,0,0,0,0,0,0,0,1.933900635,0.004136055,0,0,1.933900635,0.004136055
53,0,0,0,0,0,0,0,0,0,0,1.861898701,0.00360376,0,0,1.861898701,0.00360376
54,0,0,0,0,0,0,0,0,0,0,3.204771454,0.005662068,0,0,3.204771454,0.005662068
55,0,0,0,0,0,0,0,0,0,0,2.185433136,0.003315628,0,0,2.185433136,0.003315628
56,0,0.760000024,0,0,0,0,0,0,0,0,2.871269649,0.583678011,0,0,2.871269649,0.583678011
57,0,0,0,0,0,0,0,0,0,0,2.599181903,0.04606713,0,0,2.599181903,0.04606713
58,0,0,0,0,0,0,0,0,0,0,2.950478926,0.034448014,0,0,2.950478926,0.034448014
59,0,2.540000016,0,0,0,0,0,0,0,0,1.391162131,1.391162131,0,0,1.391162131,1.391162131
60,0,0,0,0,0,0,0,0,0,0,3.035020761,1.312880581,0,0,3.035020761,1.312880581
61,0,0,0,0,0,0,0,0,0,0,1.668380421,0,0,0,1.668380421,0
62,0,0,0,0,0,0,0,0,0,0,3.648607868,0,0,0,3.648607868,0
63,0,0,0,0,0,0,0,0,0,0,2.645576837,0,0,0,2.645576837,0
64,0,0,0,0,0,0,0,0,0,0,1.647996098,0,0,0,1.647996098,0
65,0,4.570000339,0,0,0,0,0,0,0,0,1.115429291,1.115429291,0,0,1.115429291,1.115429291
66,0,0,0,0,0,0,0,0,0,0,3.066316897,3.066316897,0,0,3.066316897,3.066316897
67,0,0,0,0,0,0,0,0,0,0,2.529082703,0.112976093,0,0,2.529082703,0.112976093
68,0,0,0,0,0,0,0,0,0,0,2.763062804,0.062047638,0,0,2.763062804,0.062047638
69,0,0.250000012,0,0,0,0,0,0,0,0,2.129257731,0.135398453,0,0,2.129257731,0.135398453
70,0,0,0,0,0,0,0,0,0,0,2.462113276,0.078415509,0,0,2.462113276,0.078415509
71,0,0,0,0,0,0,0,0,0,0,3.250795135,0.05992819,0,0,3.250795135,0.05992819
72,0,0,0,0,0,0,0,0,0,0,3.310109321,0.03522073,0,0,3.310109321,0.03522073
73,0,0,0,0,0,0,0,0,0,0,2.8467337,0.020076468,0,0,2.8467337,0.020076468
74,0,0,0,0,0,0,0,0,0,0,3.250476184,0.017345451,0,0,3.250476184,0.017345451
75,0,0,0,0,0,0,0,0,0,0,2.990230091,0.012098203,0,0,2.990230091,0.012098203
76,0,0.250000012,0,0,0,0,0,0,0,0,3.908131552,0.145746796,0,0,3.908131552,0.145746796
77,0,0,0,0,0,0,0,0,0,0,3.865018321,0.050030876,0,0,3.865018321,0.050030876
78,0,0,0,0,0,0,0,0,0,0,2.612124218,0.019562043,0,0,2.612124218,0.019562043
79,0,3.050000174,0,0,0,0,0,0,0,0,3.26021023,3.189407899,0,0,3.26021023,3.189407899
80,0,0,0,0,0,0,0,0,0,0,3.384449345,3.01814E-32,0,0,3.384449345,3.01814E-32
81,0,0,0,0,0,0,0,0,0,0,2.864204773,2.55421E-32,0,0,2.864204773,2.55421E-32
82,0,0,0,0,0,0,0,0,0,0,2.564786804,2.28719E-32,0,0,2.564786804,2.28719E-32
83,0,0,0,0,0,0,0,0,0,0,2.66195053,2.37384E-32,0,0,2.66195053,2.37384E-32
84,0,0,0,0,0,0,0,0,0,0,2.96899003,2.64765E-32,0,0,2.96899003,2.64765E-32
85,0,0,0,0,0,0,0,0,0,0,3.247614,2.89612E-32,0,0,3.247614,2.89612E-32
86,0,4.060000181,0,0,0,0,0,0,0,0,2.960213062,2.960213062,0,0,2.960213062,2.960213062
87,0,0,0,0,0,0,0,0,0,0,3.107687079,1.099787119,0,0,3.107687079,1.099787119
88,0,0,0,0,0,0,0,0,0,0,3.211461521,0,0,0,3.211461521,0
89,0,0,0,0,0,0,0,0,0,0,4.033893192,0,0,0,4.033893192,0
90,0,0,0,0,0,0,0,0,0,0,4.243839694,0,0,0,4.243839694,0
91,0,0,0,0,0,0,0,0,0,0,4.137375718,0,0,0,4.137375718,0
92,0,0,0,0,0,0,0,0,0,0,4.089641271,0,0,0,4.089641271,0
93,0,0,0,0,0,0,0,0,0,0,3.90207444,0,0,0,3.90207444,0
94,0,7.869999856,0,0,0,0,0,0,0,0,1.861600017,1.861600017,0,0,1.861600017,1.861600017
95,0,0,0,0,0,0,0,0,0,0,3.540950109,3.540950109,0,0,3.540950109,3.540950109
96,0,0,0,0,0,0,0,0,0,0,3.539251503,0.890327573,0,0,3.539251503,0.890327573
97,0,2.540000016,0,0,0,0,0,0,0,0,3.775960434,2.571020126,0,0,3.775960434,2.571020126
98,0,0,0,0,0,0,0,0,0,0,3.085744652,0,0,0,3.085744652,0
99,0,0,0,0,0,0,0,0,0,0,2.507311337,0,0,0,2.507311337,0
100,0,0,0,0,0,0,0,0,0,0,3.940323155,0,0,0,3.940323155,0
101,0,0,0,0,0,0,0,0,0,0,2.911382625,0,0,0,2.911382625,0
102,0,0,0,0,0,0,0,0,0,0,3.496679621,0,0,0,3.496679621,0
103,0,0,0,0,0,0,0,0,0,0,3.937136724,0,0,0,3.937136724,0
104,0,0,0,0,0,0,0,0,0,0,4.120568143,0,0,0,4.120568143,0
105,0,0,0,0,0,0,0,0,0,0,3.196782964,0,0,0,3.196782964,0
106,0,0,0,0,0,0,0,0,0,0,3.717260657,0,0,0,3.717260657,0
107,0,0,0,0,0,0,0,0,0,0,6.907341123,0,0,0,6.907341123,0
108,0,0,0,0,0,0,0,0,0,0,3.956850926,0,0,0,3.956850926,0
109,0,3.050000174,0,0,0,0,0,0,0,0,2.409062325,2.409062325,0,0,2.409062325,2.409062325
110,0,0,0,0,0,0,0,0,0,0,4.042876665,0.492168294,0,0,4.042876665,0.492168294
111,0,0,0,0,0,0,0,0,0,0,4.244782476,0.027840362,0,0,4.244782476,0.027840362
112,0,0,0,0,0,0,0,0,0,0,4.588318302,0.019884156,0,0,4.588318302,0.019884156
113,0,0,0,0,0,0,0,0,0,0,4.668348692,0.014124874,0,0,4.668348692,0.014124874
114,0,0,0,0,0,0,0,0,0,0,4.886631641,0.010940621,0,0,4.886631641,0.010940621
115,0,0,0,0,0,0,0,0,0,0,5.179166781,0.008860221,0,0,5.179166781,0.008860221
116,0,0,0,0,0,0,0,0,0,0,5.799436686,0.00774234,0,0,5.799436686,0.00774234
117,0,0,0,0,0,0,0,0,0,0,4.023716428,0.004203925,0,0,4.023716428,0.004203925
118,0,0,0,0,0,0,0,0,0,0,4.709377229,0.004248238,0,0,4.709377229,0.004248238
119,0,0,0,0,0,0,0,0,0,0,4.517238456,0.003471549,0,0,4.517238456,0.003471549
120,0,0,0,0,0,0,0,0,0,0,4.108376944,0.002741536,0,0,4.108376944,0.002741536
121,0,0,0,0,0,0,0,0,0,0,4.690612671,0.002778842,0,0,4.690612671,0.002778842
122,0,0,0,0,0,0,0,0,0,0,5.457272808,0.002843653,0,0,5.457272808,0.002843653
123,0,0,0,0,0,0,0,0,0,0,5.651306737,0.002558908,0,0,5.651306737,0.002558908
124,0,0,0,0,0,0,0,0,0,0,6.186928395,0.00244666,0,0,6.186928395,0.00244666
125,0,0,0,0,0,0,0,0,0,0,6.824311444,0.002349324,0,0,6.824311444,0.002349324
126,0,0,0,0,0,0,0,0,0,0,7.785293842,0.002323408,0,0,7.785293842,0.002323408
127,0,0,0,0,0,0,0,0,0,0,7.214414479,0.001849312,0,0,7.214414479,0.001849312
128,0,0,0,0,0,0,0,0,0,0,6.552418307,0.001475036,0,0,6.552418307,0.001475036
129,0,0,0,0,0,0,0,0,0,0,6.680789196,0.001347267,0,0,6.680789196,0.001347267
130,0,0,0,0,0,0,0,0,0,0,7.054109062,0.001279408,0,0,7.054109062,0.001279408
131,0,0,0,0,0,0,0,0,0,0,6.262980355,0.001021469,0,0,6.262980355,0.001021469
132,0,0,0,0,0,0,0,0,0,0,5.805325701,0.000866171,0,0,5.805325701,0.000866171
133,0,1.520000049,0,0,0,0,0,0,0,0,2.978472776,1.541572325,0,0,2.978472776,1.541572325
134,0,0,0,0,0,0,0,0,0,0,4.870253379,0,0,0,4.870253379,0
135,0,0,0,0,0,0,0,0,0,0,3.656649581,0,0,0,3.656649581,0
136,0,0,0,0,0,0,0,0,0,0,4.576899389,0,0,0,4.576899389,0
137,0,0,0,0,0,0,0,0,0,0,4.207942682,0,0,0,4.207942682,0
138,0,0,0,0,0,0,0,0,0,0,4.416899179,0,0,0,4.416899179,0
139,0,0,0,0,0,0,0,0,0,0,4.770843477,0,0,0,4.770843477,0
140,0,0,0,0,0,0,0,0,0,0,5.434397336,0,0,0,5.434397336,0
141,0,4.320000298,0,0,0,0,0,0,0,0,2.902023034,2.902023034,0,0,2.902023034,2.902023034
142,0,0.250000012,0,0,0,0,0,0,0,0,3.306866287,1.667977276,0,0,3.306866287,1.667977276
143,0,0,0,0,0,0,0,0,0,0,4.2146373,3.75848E-32,0,0,4.2146373,3.75848E-32
144,0,2.790000057,0,0,0,0,0,0,0,0,3.626378704,2.790000057,0,0,3.626378704,2.790000057
145,0,0,0,0,0,0,0,0,0,0,4.941290151,0,0,0,4.941290151,0
146,0,1.020000083,0,0,0,0,0,0,0,0,3.184759577,0.981902508,0,0,3.184759577,0.981902508
147,0,0.760000024,0,0,0,0,0,0,0,0,3.112284368,0.587465793,0,0,3.112284368,0.587465793
148,0,0.250000012,0,0,0,0,0,0,0,0,4.511685015,0.283686025,0,0,4.511685015,0.283686025
149,0,4.570000339,0,0,0,0,0,0,0,0,2.655547175,2.655547175,0,0,2.655547175,2.655547175
150,0,0,0,0,0,0,0,0,0,0,4.552120384,2.091398958,0,0,4.552120384,2.091398958
151,0,0,0,0,0,0,0,0,0,0,5.02553993,1.121729536,0,0,5.02553993,1.121729536
152,0,0,0,0,0,0,0,0,0,0,4.73454517,0,0,0,4.73454517,0
153,0,0,0,0,0,0,0,0,0,0,4.588912368,0,0,0,4.588912368,0
154,0,0,0,0,0,0,0,0,0,0,5.077793431,0,0,0,5.077793431,0
155,0,0,0,0,0,0,0,0,0,0,5.154151,0,0,0,5.154151,0
156,0,0,0,0,0,0,0,0,0,0,5.709712413,0,0,0,5.709712413,0
157,0,0,0,0,0,0,0,0,0,0,5.435111796,0,0,0,5.435111796,0
158,0,0,0,0,0,0,0,0,0,0,5.307851111,0,0,0,5.307851111,0
159,0,0,0,0,0,0,0,0,0,0,5.849194581,0,0,0,5.849194581,0
160,0,0,0,0,0,0,0,0,0,0,5.08545871,0,0,0,5.08545871,0
161,0,0,0,0,0,0,0,0,0,0,5.011422386,0,0,0,5.011422386,0
162,0,0,0,0,0,0,0,0,0,0,4.696030808,0,0,0,4.696030808,0
163,0,0,0,0,0,0,0,0,0,0,4.959655164,0,0,0,4.959655164,0
164,0,0,0,0,0,0,0,0,0,0,5.164468819,0,0,0,5.164468819,0
165,0,0,0,0,0,0,0,0,0,0,5.499221531,0,0,0,5.499221531,0
166,0,0,0,0,0,0,0,0,0,0,5.751327946,0,0,0,5.751327946,0
167,0,0,0,0,0,0,0,0,0,0,5.976403974,0,0,0,5.976403974,0
168,0,0,0,0,0,0,0,0,0,0,6.494355031,0,0,0,6.494355031,0
169,0,0,0,0,0,0,0,0,0,0,2.139352299,0,0,0,2.139352299,0
170,0,0,0,0,0,0,0,0,0,0,2.765475946,0,0,0,2.765475946,0
171,0,1.78000005,0,0,0,0,0,0,0,0,3.556777561,1.78000005,0,0,3.556777561,1.78000005
172,0,5.330000073,0,0,0,0,0,0,0,0,3.552612466,3.552612466,0,0,3.552612466,3.552612466
173,0,0,0,0,0,0,0,0,0,0,5.963537364,1.777387607,0,0,5.963537364,1.777387607
174,0,1.78000005,0,0,0,0,0,0,0,0,3.983619402,1.78000005,0,0,3.983619402,1.78000005
175,0,2.790000057,0,0,0,0,0,0,0,0,2.62124895,2.62124895,0,0,2.62124895,2.62124895
176,0,10.16000006,0,0,0,0,0,0,0,0,3.390286077,3.390286077,0,0,3.390286077,3.390286077
177,0,0.510000042,0,0,0,0,0,0,0,0,2.66048238,2.66048238,0,0,2.66048238,2.66048238
178,0,0.250000012,0,0,0,0,0,0,0,0,5.541692557,2.154858941,0,0,5.541692557,2.154858941
179,0,0,0,0,0,0,0,0,0,0,6.377878102,0,0,0,6.377878102,0
180,0,0,0,0,0,0,0,0,0,0,6.342891882,0,0,0,6.342891882,0
181,0,0,0,0,0,0,0,0,0,0,7.348220811,0,0,0,7.348220811,0
182,0,0,0,0,0,0,0,0,0,0,7.490253031,0,0,0,7.490253031,0
183,0,0,0,0,0,0,0,0,0,0,7.932480003,0,0,0,7.932480003,0
184,0,0,0,0,0,0,0,0,0,0,7.12724334,0,0,0,7.12724334,0
185,0,0,0,0,0,0,0,0,0,0,7.15579652,0,0,0,7.15579652,0
186,0,0,0,0,0,0,0,0,0,0,6.36775663,0,0,0,6.36775663,0
187,0,0,0,0,0,0,0,0,0,0,6.733851807,0,0,0,6.733851807,0
188,0,0,0,0,0,0,0,0,0,0,7.291861993,0,0,0,7.291861993,0
189,0,0,0,0,0,0,0,0,0,0,6.672352999,0,0,0,6.672352999,0
190,0,0,0,0,0,0,0,0,0,0,7.183303573,0,0,0,7.183303573,0
191,0,0,0,0,0,0,0,0,0,0,7.534295492,0,0,0,7.534295492,0
192,0,0,0,0,0,0,0,0,0,0,6.341937296,0,0,0,6.341937296,0
193,0,0,0,0,0,0,0,0,0,0,5.550614448,0,0,0,5.550614448,0
194,0,0,0,0,0,0,0,0,0,0,5.781966278,0,0,0,5.781966278,0
195,0,0,0,0,0,0,0,0,0,0,5.709243699,0,0,0,5.709243699,0
196,0,0,0,0,0,0,0,0,0,0,6.482212119,0,0,0,6.482212119,0
197,0,0,0,0,0,0,0,0,0,0,5.582072474,0,0,0,5.582072474,0
198,0,0,0,0,0,0,0,0,0,0,6.968627303,0,0,0,6.968627303,0
199,0,0,0,0,0,0,0,0,0,0,6.312501267,0,0,0,6.312501267,0
200,0,0,0,0,0,0,0,0,0,0,6.274580688,0,0,0,6.274580688,0
201,0,0,0,0,0,0,0,0,0,0,6.464622339,0,0,0,6.464622339,0
202,0,0,0,0,0,0,0,0,0,0,7.104146839,0,0,0,7.104146839,0
203,0,0,0,0,0,0,0,0,0,0,7.362411062,0,0,0,7.362411062,0
204,0,0,0,0,0,0,0,0,0,0,6.267778596,0,0,0,6.267778596,0
205,0,0,0,0,0,0,0,0,0,0,5.995372386,0,0,0,5.995372386,0
206,0,0,0,0,0,0,0,0,0,0,6.53503712,0,0,0,6.53503712,0
207,0,0,0,0,0,0,0,0,0,0,5.475813927,0,0,0,5.475813927,0
208,0,0,0,0,0,0,0,0,0,0,6.73794022,0,0,0,6.73794022,0
209,0,0,0,0,0,0,0,0,0,0,6.665442794,0,0,0,6.665442794,0
210,0,0,0,0,0,0,0,0,0,0,6.453238187,0,0,0,6.453238187,0
211,0,0,0,0,0,0,0,0,0,0,5.650479209,0,0,0,5.650479209,0
212,0,0,0,0,0,0,0,0,0,0,3.018825996,0,0,0,3.018825996,0
213,0,0,0,0,0,0,0,0,0,0,3.794226726,0,0,0,3.794226726,0
214,0,1.520000049,0,0,0,0,0,0,0,0,3.679655251,1.520000049,0,0,3.679655251,1.520000049
215,0,1.520000049,0,0,0,0,0,0,0,0,4.478125627,1.520000049,0,0,4.478125627,1.520000049
216,0,0,0,0,0,0,0,0,0,0,4.652778996,0,0,0,4.652778996,0
217,0,0,0,0,0,0,0,0,0,0,5.084738457,0,0,0,5.084738457,0
218,0,0,0,0,0,0,0,0,0,0,5.868132456,0,0,0,5.868132456,0
219,0,0,0,0,0,0,0,0,0,0,5.86209635,0,0,0,5.86209635,0
220,0,0,0,0,0,0,0,0,0,0,5.397172399,0,0,0,5.397172399,0
221,0,0,0,0,0,0,0,0,0,0,5.078921114,0,0,0,5.078921114,0
222,0,0,0,0,0,0,0,0,0,0,5.068382454,0,0,0,5.068382454,0
223,0,0,0,0,0,0,0,0,0,0,5.171647792,0,0,0,5.171647792,0
224,0,0,0,0,0,0,0,0,0,0,5.344246354,0,0,0,5.344246354,0
225,0,0,0,0,0,0,0,0,0,0,5.712152452,0,0,0,5.712152452,0
226,0,0,0,0,0,0,0,0,0,0,4.737322735,0,0,0,4.737322735,0
227,0,0,0,0,0,0,0,0,0,0,5.530897639,0,0,0,5.530897639,0
228,0,0,0,0,0,0,0,0,0,0,4.060859114,0,0,0,4.060859114,0
229,0,0.250000012,0,0,0,0,0,0,0,0,5.554484859,0.102876255,0,0,5.554484859,0.102876255
230,0,0,0,0,0,0,0,0,0,0,5.775148143,0.037044185,0,0,5.775148143,0.037044185
231,0,0,0,0,0,0,0,0,0,0,5.290713457,0.018998487,0,0,5.290713457,0.018998487
232,0,0,0,0,0,0,0,0,0,0,4.799187534,0.011798191,0,0,4.799187534,0.011798191
233,0,0,0,0,0,0,0,0,0,0,4.424603489,0.008241849,0,0,4.424603489,0.008241849
234,0,0,0,0,0,0,0,0,0,0,3.865687022,0.005781449,0,0,3.865687022,0.005781449
235,0,0,0,0,0,0,0,0,0,0,5.608385813,0.007078121,0,0,5.608385813,0.007078121
236,0,0,0,0,0,0,0,0,0,0,5.409125425,0.0054261,0,0,5.409125425,0.0054261
237,0,5.840000231,0,0,0,0,0,0,0,0,4.489574579,4.489574579,0,0,4.489574579,4.489574579
238,0,0,0,0,0,0,0,0,0,0,4.483818104,1.403181027,0,0,4.483818104,1.403181027
239,0,0,0,0,0,0,0,0,0,0,4.875819563,0,0,0,4.875819563,0
240,0,0,0,0,0,0,0,0,0,0,4.910178818,0,0,0,4.910178818,0
241,0,0,0,0,0,0,0,0,0,0,4.483310033,0,0,0,4.483310033,0
242,0,0,0,0,0,0,0,0,0,0,5.590242045,0,0,0,5.590242045,0
243,0,0,0,0,0,0,0,0,0,0,4.906204067,0,0,0,4.906204067,0
244,0,0,0,0,0,0,0,0,0,0,4.757054194,0,0,0,4.757054194,0
245,0,0,0,0,0,0,0,0,0,0,4.876705842,0,0,0,4.876705842,0
246,0,0,0,0,0,0,0,0,0,0,5.249916664,0,0,0,5.249916664,0
247,0,3.81000014,0,0,0,0,0,0,0,0,4.833973248,3.81000014,0,0,4.833973248,3.81000014
248,0,5.330000073,0,0,0,0,0,0,0,0,3.971426777,3.971426777,0,0,3.971426777,3.971426777
249,0,0,0,0,0,0,0,0,0,0,2.834554397,1.358573296,0,0,2.834554397,1.358573296
250,0,0,0,0,0,0,0,0,0,0,3.984938529,0,0,0,3.984938529,0
251,0,0,0,0,0,0,0,0,0,0,4.138944271,0,0,0,4.138944271,0
252,0,0,0,0,0,0,0,0,0,0,4.607221123,0,0,0,4.607221123,0
253,0,0,0,0,0,0,0,0,0,0,4.40840463,0,0,0,4.40840463,0
254,0,0,0,0,0,0,0,0,0,0,3.952307876,0,0,0,3.952307876,0
255,0,0,0,0,0,0,0,0,0,0,3.631224213,0,0,0,3.631224213,0
256,0,0,0,0,0,0,0,0,0,0,5.113969568,0,0,0,5.113969568,0
257,0,0,0,0,0,0,0,0,0,0,3.996330491,0,0,0,3.996330491,0
258,0,4.320000298,0,0,0,0,0,0,0,0,4.755879743,4.320000298,0,0,4.755879743,4.320000298
259,0,0,0,0,0,0,0,0,0,0,4.553998254,4.06111E-32,0,0,4.553998254,4.06111E-32
260,0,2.030000091,0,0,0,0,0,0,0,0,1.832747736,1.832747736,0,0,1.832747736,1.832747736
261,0,0.250000012,0,0,0,0,0,0,0,0,3.887660455,0.230454357,0,0,3.887660455,0.230454357
262,0,0,0,0,0,0,0,0,0,0,4.342817715,0.060488593,0,0,4.342817715,0.060488593
263,0,0,0,0,0,0,0,0,0,0,3.627867716,0.026267154,0,0,3.627867716,0.026267154
264,0,0,0,0,0,0,0,0,0,0,3.152816352,0.01580007,0,0,3.152816352,0.01580007
265,0,2.289999975,0,0,0,0,0,0,0,0,3.03757638,2.404242167,0,0,3.03757638,2.404242167
266,0,0.250000012,0,0,0,0,0,0,0,0,2.79188866,0.051709395,0,0,2.79188866,0.051709395
267,0,1.020000083,0,0,0,0,0,0,0,0,2.643700399,1.162801002,0,0,2.643700399,1.162801002
268,0,0,0,0,0,0,0,0,0,0,3.033991532,0.00276841,0,0,3.033991532,0.00276841
269,0,0,0,0,0,0,0,0,0,0,2.998902576,0.002470163,0,0,2.998902576,0.002470163
270,0,2.540000016,0,0,0,0,0,0,0,0,2.168213957,2.168213957,0,0,2.168213957,2.168213957
271,0,2.790000057,0,0,0,0,0,0,0,0,2.124783891,2.124783891,0,0,2.124783891,2.124783891
272,0,0.510000042,0,0,0,0,0,0,0,0,2.217283441,1.597253391,0,0,2.217283441,1.597253391
273,0,0.250000012,germination&planting,14.71500015,0,0,0,0,0,0,4.15573926,0.076969675,0,0,4.15573926,0.076969675
274,7.272597008,0,germination,26.39499998,0,0,0,0,0,0,2.409981419,2.409981419,0,0,2.409981419,2.409981419
275,0,0,germination,36.93000031,0,0,0,0,0,0,2.366395066,2.366395066,0,0,2.366395066,2.366395066
276,0,0,germination,48.51500058,0,0,0,0,0,0,2.89535102,1.547521323,0,0,2.89535102,1.547521323
277,0,0,germination,58.90500033,0,0,0,0,0,0,2.66183519,0,0,0,2.66183519,0
278,0,0,germination,70.03500068,0,0,0,0,0,0,2.847368419,0,0,0,2.847368419,0
279,0,0,germination,70.26652563,0,0,0,0,0,0,2.951956356,0,0,0,2.951956356,0
280,0,0,germination,70.82604556,0,0,0,0,0,0,4.094789513,0,0,0,4.094789513,0
281,0,2.540000016,germination,71.71770052,0,0,0,0,0,0,2.021190099,2.021190099,0,0,2.021190099,2.021190099
282,0,0,germination,72.76501444,0,0,0,0,0,0,2.07558127,0.165557013,0,0,2.07558127,0.165557013
283,0,0,germination,74.91093528,0,0,0,0,0,0,3.280561401,0.121314009,0,0,3.280561401,0.121314009
284,0,0,germination,77.31688702,0,0,0,0,0,0,2.433155589,0.038788979,0,0,2.433155589,0.038788979
285,0,0,germination,79.92965286,0,0,0,0,0,0,1.704111397,0.018839889,0,0,1.704111397,0.018839889
286,0,0,germination,82.81392956,0,0,0,0,0,0,2.62217192,0.023610066,0,0,2.62217192,0.023610066
287,0,0,germination,85.59597255,0,0,0,0,0,0,2.495315895,0.016793573,0,0,2.495315895,0.016793573
288,0,0,germination,88.66999914,0,0,0,0,0,0,2.379658268,0.012644699,0,0,2.379658268,0.012644699
289,0,0,germination,92.893335,0,0,0,0,0,0,2.329202495,0.010149526,0,0,2.329202495,0.010149526
290,0,0,germination,97.50989248,0,0,0,0,0,0,2.58080282,0.009442116,0,0,2.58080282,0.009442116
291,0,0,germination,102.2897713,0,0,0,0,0,0,2.470140925,0.00756657,0,0,2.470140925,0.00756657
292,0,0,germination,107.3856794,0,0,0,0,0,0,2.295476537,0.006023869,0,0,2.295476537,0.006023869
293,0,0,germination,114.2333218,0,0,0,0,0,0,2.81704108,0.006476423,0,0,2.81704108,0.006476423
294,0,0,germination,121.6448016,0,0,0,0,0,0,2.373876471,0.004684504,0,0,2.373876471,0.004684504
295,0,0,germination,129.0090875,0,0,0,0,0,0,2.318457667,0.00406494,0,0,2.318457667,0.00406494
296,0,0.250000012,germination,137.3749586,0,0,0,0,0,0,2.194161453,0.067775317,0,0,2.194161453,0.067775317
297,0,0,germination,145.1278265,0,0,0,0,0,0,1.992931551,0.03842653,0,0,1.992931551,0.03842653
298,0,0.250000012,germination,153.3354915,0,0,0,0,0,0,1.74227291,0.112432947,0,0,1.74227291,0.112432947
299,0,0,germination,160.9975291,0,0,0,0,0,0,1.57506681,0.058564429,0,0,1.57506681,0.058564429
300,0,0.510000042,germination,169.0820667,0,0,0,0,0,0,0.972615802,0.187081303,0,0,0.972615802,0.187081303
301,0,0,Active growth&accrescence,178.2220665,5.099999973,1.154243763,0.023219137,0.163622116,0,-56.4793323,4.044294999,0.460666086,0,0.002084682,4.044294999,0.458581404
302,0,0,Active growth&accrescence,181.9070667,5.855660988,1.172464495,0.023587841,0.169114184,-2.22045E-16,-189.7157289,2.072946376,0.029675519,0.023926854,0.014132576,2.049019522,0.015542943
303,0,0,Active growth&accrescence,187.8270666,7.056848847,1.202390282,0.024193549,0.169114184,0,-287.0222019,2.27386807,0.037377911,0.026660296,0.023482762,2.247207775,0.013895149
304,0,0,Active growth&accrescence,201.5720664,8.496265479,1.204029,0.024226723,0.170066752,0,-367.745618,2.591652506,0.043906426,0.031161778,0.0309736,2.560490728,0.012932826
305,0,0,Active growth&accrescence,214.1370665,10.02562484,1.20908126,0.024329002,0.172124012,-2.22045E-16,-406.8712857,2.883603303,0.046399222,0.03471942,0.03471942,2.848883883,0.011679802
306,0,2.289999975,Active growth&accrescence,225.1570665,11.42850948,1.217781831,0.024505151,0.175331392,1.11022E-16,-190.9421422,3.057124532,2.422748369,0.03696312,0.026807238,3.020161412,2.39594113
307,0,0,Active growth&accrescence,234.0570666,12.62312434,1.229179336,0.024735925,0.179248187,1.11022E-16,-284.2166712,3.3414008,0.023663408,0.040690972,0.023663408,3.300709828,0
308,0,0,Active growth&accrescence,238.5670667,13.46188592,1.237379662,0.024901979,0.181905154,-4.44089E-16,-190.6827667,1.791653835,0.014901474,0.022022639,0.014901474,1.769631196,0
309,0,1.520000049,Active growth&accrescence,243.4670667,13.86855628,1.248968475,0.025136673,0.185522168,0,-190.6827667,0.940480359,0.640466934,0.011637313,0.004520055,0.928843046,0.635946879
310,0,0.510000042,Active growth&accrescence,247.8820667,14.2295731,1.261890576,0.025398401,0.189439177,0,-190.6827667,0.910410679,0.521732472,0.011370742,0.003971884,0.899039937,0.517760588
311,0,3.050000174,Active growth&accrescence,255.5420666,14.52427531,1.288873492,0.025945031,0.197376799,0,-190.6827667,0.941178543,0.933205544,0.011876643,0.003903644,0.9293019,0.9293019
312,0,0,Active growth&accrescence,265.1270666,15.47963602,1.328966378,0.026757523,0.208737724,1.11022E-16,-88.8538123,2.015342199,2.003675077,0.025975211,0.014308089,1.989366988,1.989366988
313,0,0,Active growth&accrescence,270.7120667,15.97840569,1.356191727,0.02730944,0.216189902,0,-86.18967611,0.937863738,0.28386024,0.012463894,0.005429199,0.925399844,0.278431042
314,0,0,Active growth&accrescence,279.2520666,16.99286879,1.404132309,0.02828167,0.228857784,1.11022E-16,-160.0187705,1.163477867,0.194440967,0.015778991,0.013596976,1.147698877,0.180843991
315,0,0,Active growth&accrescence,283.7220668,17.59465513,1.431449342,0.028835868,0.235519803,3.33067E-16,-87.27989165,1.012868078,0.094830542,0.014222008,0.00584554,0.99864607,0.088985002
316,0,0,Active growth&accrescence,291.6070669,18.19372766,1.481017975,0.029841891,0.247271487,0,-101.7328449,0.845206816,0.059790759,0.012098707,0.007694524,0.833108108,0.052096235
317,0,0,Active growth&accrescence,299.2720667,19.67405928,1.53094512,0.030855702,0.258695285,-2.22045E-16,-255.8699014,1.930066725,0.119570135,0.028584635,0.026106353,1.90148209,0.093463781
318,0,0,Active growth&accrescence,304.4220667,19.98848685,1.565484604,0.031557354,0.266370766,5.55112E-16,-59.47659218,0.608365411,0.020513686,0.009313741,0.00303245,0.599051671,0.017481236
319,0,0.250000012,Active growth&accrescence,310.9070667,20.62439262,1.610146886,0.032465012,0.27603591,0,-59.47659218,1.721116839,0.159156152,0.026943819,0.00930936,1.69417302,0.149846792
320,0,0,Active growth&accrescence,321.2570666,22.47366254,1.684216643,0.033971217,0.291461391,0,-280.7138069,3.962967203,0.219912674,0.063809593,0.038279341,3.89915761,0.181633333
321,0,0,Active growth&accrescence,332.2970668,24.1250757,1.767162289,0.035659261,0.307915238,-2.22045E-16,-257.2135157,2.89469326,0.069226956,0.048752906,0.030299365,2.845940355,0.038927591
322,0,0.250000012,Active growth&accrescence,343.5520669,24.78770774,1.856112067,0.03747108,0.324689518,0,-257.2135157,1.725074571,0.102506057,0.030484867,0.011409578,1.694589704,0.091096479
323,0,0,Active growth&accrescence,353.667067,25.42209277,1.940015327,0.039181612,0.339764759,0,-67.60413359,2.021561645,0.077136895,0.03752245,0.011225529,1.984039195,0.065911366
324,0,0,Active growth&accrescence,353.667067,25.4220928,1.940015327,0.039181612,0.339764759,-2.13967E-09,-34.36355734,1.978306523,0.041570112,0.03837945,3.94284E-10,1.939927073,0.041570112
325,0,0,Active growth&accrescence,353.667067,25.42209282,1.940015327,0.039181612,0.339764759,-1.33356E-09,-34.36333837,0.962360552,0.014453103,0.018669942,2.94445E-10,0.943690609,0.014453102
326,0,0,Active growth&accrescence,353.667067,25.42209284,1.940015327,0.039181612,0.339764759,2.56208E-10,-34.36312001,1.03564276,0.013638877,0.020091628,2.65869E-10,1.015551132,0.013638877
327,0,0,Active growth&accrescence,353.667067,25.42209286,1.940015327,0.039181612,0.339764759,7.73551E-10,-34.36290171,0.887218108,0.010235012,0.017212167,2.26413E-10,0.87000594,0.010235012
328,0,0,Active growth&accrescence,353.667067,25.42209288,1.940015327,0.039181612,0.339764759,-8.63476E-09,-34.36268375,0.921113367,0.009562373,0.01786974,2.17868E-10,0.903243626,0.009562373
329,0,0,Active growth&accrescence,353.667067,25.4220929,1.940015327,0.039181612,0.339764759,1.04768E-09,-34.36246613,1.0210756,0.009554685,0.019809023,2.39714E-10,1.001266577,0.009554685
330,0,0,Active growth&accrescence,353.667067,25.42209292,1.940015327,0.039181612,0.339764759,-7.31817E-10,-34.36224799,0.809328102,0.006788258,0.015701089,1.64547E-10,0.793627012,0.006788258
331,0,0,Active growth&accrescence,353.667067,25.42209293,1.940015327,0.039181612,0.339764759,-8.31352E-09,-34.36203037,0.758173538,0.005861173,0.014708683,1.46205E-10,0.743464856,0.005861173
332,0,0,Active growth&accrescence,353.667067,25.42209294,1.940015327,0.039181612,0.339764759,-3.45024E-09,-34.36181254,0.485418279,0.003487744,0.009417189,7.68798E-11,0.47600109,0.003487744
333,0,0,Active growth&accrescence,353.667067,25.42209295,1.940015327,0.039181612,0.339764759,4.8617E-08,-34.36159489,0.201515098,0.001384374,0.003909424,1.5668E-11,0.197605674,0.001384374
334,0,0,Active growth&accrescence,354.2170669,25.48033151,1.944688543,0.039276928,0.34058447,1.55431E-15,-37.45472754,0.534534272,0.004069409,0.010370047,0.000463079,0.524164225,0.00360633
335,0,2.540000016,Active growth&accrescence,362.2670669,25.87924976,2.014433465,0.040699997,0.352582067,0,-37.45472754,1.671583162,1.645604465,0.032507086,0.00652839,1.639076076,1.639076076
336,0,0.250000012,Active growth&accrescence,368.7970669,26.88836185,2.072901181,0.041893747,0.362314278,0,-37.45472754,2.904930209,1.318803038,0.058517886,0.019114042,2.846412322,1.299688997
337,0,0,Active growth&accrescence,368.7970669,26.88836186,2.072901181,0.041893747,0.362314278,0,-37.45472754,1.284349937,1.24883E-10,0.026623305,1.24883E-10,1.257726632,0
338,0,0,Active growth&accrescence,368.7970669,26.88836188,2.072901181,0.041893747,0.362314278,0,-37.45472754,0.807287788,1.95321E-10,0.016734278,1.95321E-10,0.79055351,0
339,0,0,Active growth&accrescence,368.7970669,26.8883619,2.072901181,0.041893747,0.362314278,0,-37.45472754,0.608148185,1.50169E-10,0.012606311,1.50169E-10,0.595541874,0
340,0,0,Active growth&accrescence,368.7970669,26.88836191,2.072901181,0.041893747,0.362314278,0,-37.45472754,0.856109004,1.45186E-10,0.017746294,1.45186E-10,0.838362711,0
341,0,0,Active growth&accrescence,368.7970669,26.88836193,2.072901181,0.041893747,0.362314278,0,-37.45472754,1.290837341,2.36864E-10,0.026757782,2.36864E-10,1.264079558,0
342,0,0,Active growth&accrescence,368.7970669,26.88836195,2.072901181,0.041893747,0.362314278,0,-37.45472754,0.919717756,1.56881E-10,0.01906484,1.56881E-10,0.900652916,0
343,0,0,Active growth&accrescence,368.7970669,26.88836197,2.072901181,0.041893747,0.362314278,0,-37.45472754,0.901230446,1.88918E-10,0.018681617,1.88918E-10,0.882548829,0
344,0,0,Active growth&accrescence,368.7970669,26.88836199,2.072901181,0.041893747,0.362314278,0,-37.45472754,0.789334437,1.84233E-10,0.016362123,1.84233E-10,0.772972315,0
345,0,0,Active growth&accrescence,368.7970669,26.888362,2.072901181,0.041893747,0.362314278,0,-37.45472754,0.694088382,1.72754E-10,0.014387766,1.72754E-10,0.679700615,0
346,0,0,Active growth&accrescence,368.7970669,26.88836201,2.072901181,0.041893747,0.362314278,0,-37.45472754,0.516539389,9.56334E-11,0.010707351,9.56334E-11,0.505832038,0
347,0,0.250000012,Active growth&accrescence,368.7970669,26.88836203,2.072901181,0.041893747,0.362314278,0,-37.45472754,0.903678711,0.016390353,0.018732367,2.03211E-10,0.884946344,0.016390353
348,0,0,Active growth&accrescence,369.8170669,26.95685569,2.082190471,0.042083475,0.363834471,0,-37.45472754,0.587803424,0.0100739,0.012184584,0.000764796,0.57561884,0.009309104
349,0,0,Active growth&accrescence,374.907067,27.89159651,2.129189472,0.043043674,0.371420529,0,-37.45472754,1.779878012,0.041096114,0.03706045,0.015112239,1.742817561,0.025983875
350,0,0,Active growth&accrescence,379.4420669,28.8032079,2.171981078,0.043918316,0.378179423,1.11022E-16,-82.24259022,1.504180603,0.030028696,0.032026855,0.012870842,1.472153748,0.017157854
351,0,0,Active growth&accrescence,379.4420669,28.80320791,2.171981078,0.043918316,0.378179423,5.27783E-09,-34.27508184,0.437669664,0.004164089,0.009506102,6.6517E-11,0.428163562,0.004164089
352,0,0,Active growth&accrescence,383.5970668,29.03894931,2.211960932,0.044735833,0.384371971,-2.22045E-16,-50.1112866,0.700307107,0.009057427,0.015210538,0.002697329,0.685096569,0.006360098
353,0,0,Active growth&accrescence,383.5970668,29.03894932,2.211960932,0.044735833,0.384371971,-4.28903E-09,-34.26780295,1.499041218,0.012648092,0.033158206,2.70421E-10,1.465883012,0.012648092
354,0,1.270000008,Active growth&accrescence,384.8870666,29.10351619,2.224526154,0.044992838,0.386294567,0,-34.26780295,0.908907357,0.537917409,0.020104676,0.000830094,0.888802681,0.537087315
355,0,0,Active growth&accrescence,384.8870666,29.1035162,2.224526154,0.044992838,0.386294567,0,-34.26780295,0.52976113,0.121831193,0.011784675,9.28585E-11,0.517976455,0.121831193
356,0,0.250000012,Active growth&accrescence,384.8870666,29.10351621,2.224526154,0.044992838,0.386294567,0,-34.26780295,0.281558386,0.084721976,0.00626334,3.47309E-11,0.275295046,0.084721976
357,0,1.520000049,Active growth&accrescence,391.6620666,29.87673333,2.291726751,0.046367901,0.396391923,0,-34.26780295,1.791937151,1.76567262,0.039862111,0.01359758,1.75207504,1.75207504
358,0,0,Active growth&accrescence,394.1120666,30.41306927,2.316535635,0.046875781,0.400043366,0,-34.26780295,1.414835424,0.209317102,0.032424162,0.007276736,1.382411262,0.202040367
359,0,0,Active growth&accrescence,394.1120666,30.41306929,2.316535635,0.046875781,0.400043366,0,-34.26780295,0.711952821,0.051570851,0.016492641,1.59277E-10,0.69546018,0.051570851
360,0,0,Active growth&accrescence,394.1120666,30.4130693,2.316535635,0.046875781,0.400043366,0,-34.26780295,0.14207552,0.008278775,0.00329123,1.2332E-11,0.13878429,0.008278775
361,0,0,Active growth&accrescence,394.1120666,30.4130693,2.316535635,0.046875781,0.400043366,0,-34.26780295,0.128649536,0.00722234,0.002980212,9.3161E-12,0.125669323,0.00722234
362,0,0,Active growth&accrescence,394.1120666,30.4130693,2.316535635,0.046875781,0.400043366,0,-34.26780295,0.125413545,0.006811629,0.002905249,9.81917E-12,0.122508296,0.006811629
363,0,0.250000012,Active growth&accrescence,394.1120666,30.41306931,2.316535635,0.046875781,0.400043366,0,-34.26780295,0.25040305,1.87307E-11,0.005800676,1.87307E-11,0,0
364,0,0,Active growth&accrescence,394.1120666,30.41306932,2.316535635,0.046875781,0.400043366,0,-34.26780295,0.198389093,2.13271E-11,0.004595754,2.13271E-11,0,0
365,0,0.510000042,Active growth&accrescence,395.4520666,30.48192034,2.33022035,0.047155985,0.402040481,0,-34.26780295,0.394776558,0.161450114,0.00914514,0.000612612,0.385631419,0.160837502
1,0,0,Active growth&accrescence,395.4520666,30.48192034,2.33022035,0.047155985,0.402040481,0,-34.26780295,0.145818741,0.044385834,0.003397898,1.21828E-11,0.142420843,0.044385834
2,0,0,Active growth&accrescence,398.8620667,30.80375676,2.365417934,0.047876862,0.407122693,0,-34.26780295,0.717594283,0.203566191,0.016721528,0.00363611,0.700872755,0.199930082
3,0,0,Active growth&accrescence,403.4320667,31.8791253,2.413439984,0.048860814,0.413933751,0,-37.81424738,2.057898794,0.382677656,0.048677907,0.019318152,2.009220887,0.363359504
4,0,0,Active growth&accrescence,404.4270666,32.10487969,2.424026427,0.049077791,0.415416684,3.33067E-16,-51.59327372,1.28066224,0.067604616,0.030908015,0.002946356,1.249754226,0.06465826
5,0,0,Active growth&accrescence,404.4270666,32.10487971,2.424026427,0.049077791,0.415416684,4.54155E-10,-35.80175427,0.973717498,0.035119599,0.023603169,2.55177E-10,0.950114328,0.035119598
6,0,0,Active growth&accrescence,404.4270666,32.10487973,2.424026427,0.049077791,0.415416684,-1.24375E-09,-35.8021694,0.710008393,0.02076854,0.017210791,1.72408E-10,0.692797602,0.02076854
7,0,1.270000008,Active growth&accrescence,404.4270666,32.10487974,2.424026427,0.049077791,0.415416684,0,-35.8021694,0.471589327,0.334962129,0.01143145,7.80085E-11,0.460157877,0.334962129
8,0,4.829999991,Active growth&accrescence,406.6670667,32.2414212,2.448032402,0.049569898,0.418755145,0,-35.8021694,0.250059159,0.244649917,0.0060615,0.000652258,0.243997659,0.243997659
9,0,0,Active growth&accrescence,412.8570668,33.0659467,2.515634128,0.050956342,0.427980626,0,-35.8021694,1.275442334,1.2539904,0.031223242,0.009771307,1.244219093,1.244219093
10,0,0,Active growth&accrescence,422.1720666,33.8642897,2.620951016,0.053118203,0.441863559,0,-35.8021694,2.156301354,2.113977255,0.054244653,0.011920554,2.102056701,2.102056701
11,0,0,Active growth&accrescence,432.6770667,36.25251395,2.745085261,0.055669335,0.45752005,0,-248.7367728,3.639583564,2.518072719,0.095391702,0.046020439,3.544191862,2.47205228
12,0,0,Active growth&accrescence,442.0320667,37.23196847,2.86061484,0.058046557,0.471462599,0,-113.4900658,2.783565606,0.0157306,0.076411249,0.0157306,2.707154356,2.41415E-32
13,0,0,Active growth&accrescence,451.4070665,38.76221255,2.981297428,0.060532832,0.485434955,1.11022E-16,-147.0680447,2.540918885,0.023659643,0.072685903,0.023659643,2.468232983,2.20109E-32
14,0,0,Active growth&accrescence,458.4920664,40.92621703,3.075877708,0.062483516,0.49599433,2.22045E-16,-205.6104918,2.174794514,0.037948378,0.064837093,0.037948378,2.109957421,1.88159E-32
15,0,0,Active growth&accrescence,463.5220664,42.2241295,3.144842148,0.063907083,0.503490965,-2.22045E-16,-137.4196124,1.628734392,0.022009273,0.050097878,0.022009273,1.578636514,1.40778E-32
16,0,0,Active growth&accrescence,464.6820662,42.61958507,3.160964499,0.064240027,0.505219811,-4.44089E-16,-65.90034716,1.112532821,0.004640164,0.034987401,0.004640164,1.07754542,9.6092E-33
17,0,0,Active growth&accrescence,464.6820662,42.61958508,3.160964499,0.064240027,0.505219811,2.54165E-08,-46.82663131,0.401898719,8.09319E-11,0.012703876,8.09319E-11,0.389194843,3.47071E-33
18,0,0,Active growth&accrescence,465.0770662,42.64716427,3.166473257,0.064353802,0.505808513,-4.44089E-16,-47.5341478,0.238731634,0.000146845,0.007546222,0.000146845,0.231185412,2.06164E-33
19,0,0,Active growth&accrescence,465.4020662,42.66787892,3.171012967,0.064447567,0.506292888,-1.53211E-14,-47.5448415,0.261383083,0.000128817,0.008276625,0.000128817,0.253106458,2.25712E-33
20,0,0,Active growth&accrescence,465.6420662,42.68433485,3.174369539,0.064516899,0.50665058,8.77076E-15,-47.52296674,0.252567497,0.000108461,0.008008948,0.000108461,0.244558549,2.18089E-33
21,0,0,Active growth&accrescence,465.6420662,42.68433485,3.174369539,0.064516899,0.50665058,-7.53034E-08,-47.07588903,0.176428489,2.61795E-11,0.005600492,2.61795E-11,0.170827996,1.52339E-33
22,0,0.250000012,Active growth&accrescence,465.8520662,42.69814662,3.177309449,0.064577625,0.506963561,0,-47.07588903,0.284120422,0.005195407,0.009019032,0.000100172,0.27510139,0.005095234
23,0,0,Active growth&accrescence,466.1770662,42.7252919,3.181864669,0.064671722,0.507447936,0,-47.07588903,0.30934387,0.005521317,0.009828812,0.000197728,0.299515058,0.005323589
24,0,0,Active growth&accrescence,466.3520662,42.73239691,3.18432018,0.064722446,0.507708753,0,-47.07588903,0.205955011,0.003436001,0.00655321,4.42355E-05,0.199401801,0.003391765
25,0,0,Active growth&accrescence,466.3520662,42.73239692,3.18432018,0.064722446,0.507708753,0,-47.07588903,0.187413234,0.002999564,0.005967837,3.00437E-11,0.181445397,0.002999564
26,0,0,Active growth&accrescence,466.3520662,42.73239692,3.18432018,0.064722446,0.507708753,0,-47.07588903,0.267297179,0.004170141,0.008511598,3.9938E-11,0.258785581,0.004170141
27,0,0,Active growth&accrescence,466.3520662,42.73239693,3.18432018,0.064722446,0.507708753,0,-47.07588903,0.244133586,0.003673756,0.007773995,4.33121E-11,0.236359591,0.003673756
28,0,1.78000005,Active growth&accrescence,467.0370662,42.7904845,3.193949953,0.064921386,0.508729667,0,-47.07588903,0.307807011,0.298417732,0.009801561,0.000412281,0.298005451,0.298005451
29,0,6.60000043,Active growth&accrescence,470.2320662,43.30898973,3.23925067,0.065857512,0.513491446,0,-47.07588903,0.628750185,0.613195151,0.020081966,0.004526932,0.608668219,0.608668219
30,0,0.250000012,Active growth&accrescence,475.6470661,45.86350394,3.317495117,0.067475443,0.521561878,0,-70.6594051,1.95928917,1.935153449,0.063466288,0.039330566,1.895822883,1.895822883
31,0,0,Active growth&accrescence,477.1920662,46.18165195,3.340162792,0.067944407,0.523864523,4.44089E-16,-53.9686243,0.630676434,0.61236325,0.02092266,0.002609476,0.609753774,0.609753774
32,0,0,Active growth&accrescence,477.1920662,46.18165197,3.340162792,0.067944407,0.523864523,-1.89098E-08,-43.81795191,0.65732253,0.635366888,0.021955643,1.66543E-10,0.635366888,0.635366888
33,0,0,Active growth&accrescence,477.1920662,46.18165199,3.340162792,0.067944407,0.523864523,-9.94351E-09,-43.81708718,0.802685864,0.77587485,0.026811015,2.18059E-10,0.775874849,0.775874849
34,0,0,Active growth&accrescence,477.1920662,46.18165201,3.340162792,0.067944407,0.523864523,-1.10797E-08,-43.81623044,0.822994785,0.795505419,0.027489366,2.16189E-10,0.795505419,0.795505419
35,0,0,Active growth&accrescence,477.1920662,46.18165204,3.340162792,0.067944407,0.523864523,-2.32135E-10,-43.81538209,1.095370763,0.492533005,0.036587167,2.70292E-10,1.058783597,0.492533005
36,0,0,Active growth&accrescence,477.1920662,46.18165207,3.340162792,0.067944407,0.523864523,4.05467E-09,-43.81454159,0.93952729,0.155596523,0.031381741,2.48544E-10,0.908145549,0.155596523
37,0,0,Active growth&accrescence,477.1920662,46.18165208,3.340162792,0.067944407,0.523864523,4.58794E-09,-43.81370891,0.520115028,0.054491183,0.017372689,1.50798E-10,0.502742339,0.054491183
38,0,3.050000174,Active growth&accrescence,477.1920662,46.18165213,3.340162792,0.067944407,0.523864523,6.77819E-09,-43.81288529,0.709488645,3.00954E-10,0.023698076,3.00954E-10,0,0
39,0,0.250000012,Active growth&accrescence,477.1920662,46.18165216,3.340162792,0.067944407,0.523864523,2.19867E-09,-43.81206883,0.693593899,2.17756E-10,0.023167165,2.17756E-10,0,0
40,0,1.270000008,Active growth&accrescence,477.1920662,46.18165219,3.340162792,0.067944407,0.523864523,-7.84455E-09,-43.81126066,0.665002112,2.01511E-10,0.022212153,2.01511E-10,0,0
41,0,0.510000042,Active growth&accrescence,477.1920662,46.18165223,3.340162792,0.067944407,0.523864523,0,-43.81126066,0.989391276,3.2078E-10,0.033047279,3.2078E-10,0,0
42,0,1.270000008,Active growth&accrescence,479.1370662,47.0043244,3.368918317,0.06853948,0.526763321,0,-43.81126066,1.360643027,0.009204629,0.045447692,0.009204629,0,0
43,0,0.510000042,Active growth&accrescence,488.5170663,51.63319604,3.511085855,0.071484127,0.540743129,0,-198.0589232,2.570423528,2.559068487,0.086595469,0.075240429,2.483828059,2.483828059
44,0,0,Active growth&accrescence,497.8620664,56.92067103,3.658634933,0.074544831,0.554670774,0,-378.4622032,2.847270496,2.840823619,0.099970112,0.093523235,2.747300384,2.747300384
45,0,1.520000049,Active growth&accrescence,506.4070664,59.96395337,3.798909078,0.077458976,0.567406111,0,-95.08468034,2.087432499,2.061284041,0.076371535,0.050223077,2.011060964,2.011060964
46,0,5.080000032,Active growth&accrescence,510.8070664,60.63626254,3.873194709,0.079003955,0.573963803,0,-95.08468034,0.683119517,0.663635213,0.025951089,0.006466785,0.657168428,0.657168428
47,0,0,Active growth&accrescence,517.9720662,65.20723422,3.997232823,0.08158634,0.584642409,0,-190.2690007,2.689771479,2.659958377,0.104180087,0.074366984,2.585591393,2.585591393
48,0,0,Active growth&accrescence,528.397066,69.5760625,4.184701393,0.085495641,0.600179669,1.11022E-16,-322.3523299,3.869131103,2.52564971,0.154658178,0.086701048,3.714472925,2.438948662
49,0,0,Active growth&accrescence,538.502066,72.34519602,4.374618725,0.089463813,0.615240006,-2.22045E-16,-209.1064032,2.826086779,0.051876602,0.118263293,0.051876602,2.707823486,0
50,0,0,Active growth&accrescence,545.8070658,78.39365464,4.517124177,0.092446531,0.626127266,1.11022E-16,-387.8191331,3.734024818,0.115223703,0.163349349,0.115223703,3.57067547,0
51,0,0,Active growth&accrescence,553.5320656,80.55946802,4.672736656,0.095708674,0.637640487,-2.22045E-16,-150.9129348,2.392563621,0.033535315,0.10807507,0.033535315,2.284488551,0
52,0,0,Active growth&accrescence,560.7220658,86.20232098,4.822239984,0.09884777,0.648356353,0,-340.8105595,2.792205711,0.104518385,0.13047242,0.104518385,2.661733291,0
53,0,0,Active growth&accrescence,565.2420656,88.65339989,4.918586185,0.100873348,0.655092891,-4.44089E-16,-161.158464,1.658963523,0.03821393,0.079999202,0.03821393,1.57896432,0
54,0,0,Active growth&accrescence,569.1820656,90.29772233,5.004085408,0.102672599,0.660965007,-4.44089E-16,-110.0797429,1.181635074,0.018905255,0.058119739,0.018905255,1.123515334,0
55,0,1.520000049,Active growth&accrescence,570.8870656,90.7438446,5.041527746,0.103461048,0.663506113,0,-110.0797429,0.87545514,0.574041864,0.043808523,0.004642035,0.831646618,0.569399828
56,0,2.289999975,Active growth&accrescence,571.8870656,91.23830652,5.063613681,0.103926273,0.664996497,0,-110.0797429,1.003294381,0.957385492,0.050581365,0.004672476,0.952713017,0.952713017
57,0,0,Active growth&accrescence,572.9470656,91.76163449,5.087126648,0.104421676,0.666576305,0,-110.0797429,1.000777644,0.955273555,0.050675514,0.005171425,0.95010213,0.95010213
58,0,0.250000012,Active growth&accrescence,575.6270656,92.49410012,5.147044906,0.105684669,0.670570536,0,-110.0797429,0.650916282,0.468013914,0.033112936,0.006457297,0.617803347,0.461556618
59,0,0.250000012,Active growth&accrescence,580.6620657,95.58167761,5.261457967,0.108098556,0.678074623,0,-110.0797429,1.589993017,0.887057399,0.081837655,0.040573988,1.508155363,0.846483411
60,0,0,Active growth&accrescence,580.6620657,95.58167765,5.261457967,0.108098556,0.678074623,0,-110.0797429,1.733801328,0.136600138,0.091223228,5.54699E-10,1.6425781,0.136600137
61,0,0,Active growth&accrescence,580.6620657,95.58167768,5.261457967,0.108098556,0.678074623,0,-110.0797429,0.666194597,0.028908424,0.035051549,2.2519E-10,0.631143048,0.028908424
62,0,2.030000091,Active growth&accrescence,582.8220658,96.72432675,5.311287046,0.109150761,0.681293854,0,-110.0797429,1.074126222,1.029291078,0.0565147,0.011679555,1.017611523,1.017611523
63,0,0,Active growth&accrescence,593.8470658,104.8326914,5.572759302,0.114681176,0.697725345,0,-357.9998498,3.143626335,1.54313528,0.166967018,0.166510229,2.976659316,1.376625051
64,0,2.289999975,Active growth&accrescence,606.7370662,108.1569524,5.894079783,0.121498455,0.716936404,0,-83.08377162,1.914736079,1.870979705,0.106703633,0.062947259,1.808032446,1.808032446
65,0,0,Active growth&accrescence,618.8770661,113.5807023,6.212771766,0.128282998,0.735029673,0,-301.3418363,3.214720107,0.319352983,0.189478168,0.111102041,3.025241939,0.208250942
66,0,0,Active growth&accrescence,629.4570656,124.1429157,6.503760278,0.134497935,0.750797942,1.11022E-16,-542.0585322,3.794547244,0.314759314,0.23574656,0.23574656,3.558800684,0.079012754
67,0,1.78000005,Active growth&accrescence,637.4620657,128.750769,6.732419999,0.13939524,0.762728472,0,-112.4619366,1.970552151,1.928066868,0.128159988,0.085674705,1.842392163,1.842392163
68,0,0,Active growth&accrescence,653.7770653,134.7739241,7.222008594,0.149921472,0.787044097,2.22045E-16,-308.6503432,3.106565847,0.144892344,0.20914706,0.129860952,2.897418786,0.015031392
69,0,0,Active growth&accrescence,665.1120654,147.3288971,7.581505448,0.15768614,0.803937607,-2.22045E-16,-575.9969111,4.108662152,0.306777823,0.296727934,0.291240112,3.811934218,0.015537711
70,0,0,Active growth&accrescence,673.6220655,159.0903887,7.86224423,0.163770767,0.816620781,0,-492.3196264,3.302572699,0.259747586,0.250384729,0.250384729,3.05218797,0.009362857
71,0,0,Active growth&accrescence,680.8470653,169.2769293,8.10809776,0.169114551,0.827388809,-2.22045E-16,-458.9646253,3.006964395,0.243421542,0.236414885,0.236414885,2.770549511,0.007006657
72,0,0,Active growth&accrescence,690.0820652,180.3083336,8.432644695,0.176190722,0.841152512,0,-494.4022568,3.301017245,0.274201473,0.267649705,0.267649705,3.03336754,0.006551767
73,0,0.250000012,Active growth&accrescence,701.8570656,197.0914422,8.863695192,0.18562789,0.858701792,0,-592.1337011,5.108580942,0.580671439,0.43078848,0.43078848,4.677792462,0.14988296
74,0,0,Active growth&accrescence,711.9170655,209.0670711,9.247743905,0.194073705,0.873695061,-2.22045E-16,-519.5774876,3.478856033,0.338438546,0.308355195,0.308355195,3.170500838,0.030083351
75,25,0.510000042,Active growth&accrescence,726.7670659,226.1032623,9.842167517,0.207216715,0.895827274,1.11022E-16,-490.9100142,4.620715448,4.620715448,0.427311931,0.427311931,4.193403516,4.193403516
76,0,1.270000008,Active growth&accrescence,734.447066,244.5575877,10.16284487,0.214343084,0.907273428,2.22045E-16,-449.0819215,4.171672013,3.811077248,0.410582948,0.410582948,3.761089065,3.4004943
77,0,0,Active growth&accrescence,740.8520662,260.678146,10.43737625,0.220464197,0.916819342,0,-454.3497447,3.187180139,0.323908173,0.323908173,0.323908173,2.863271965,2.55337E-32
78,0,0,Active growth&accrescence,749.8470662,280.9991016,10.8340262,0.229341358,0.930225352,0,-592.4277783,4.311926506,0.450051993,0.450051993,0.450051993,3.861874513,3.4439E-32
79,0,0,Active growth&accrescence,756.4320659,297.3947384,11.13277995,0.23605368,0.940039535,0,-447.4914417,3.148577988,0.337162411,0.341117764,0.337162411,2.807460224,2.5036E-32
80,0,0,Active growth&accrescence,761.012066,311.0028636,11.34481296,0.240831287,0.946865497,0,-368.5741198,2.763517114,0.273853678,0.307656279,0.273853678,2.455860835,2.19006E-32
81,0,0,Active growth&accrescence,765.6920658,325.7302065,11.56511709,0.245807382,0.953840497,-2.22045E-16,-419.5078507,2.906977248,0.323690724,0.329791132,0.323690724,2.577186117,2.29825E-32
82,0,0,Active growth&accrescence,772.922066,342.8327806,11.91278649,0.253685599,0.964615978,1.11022E-16,-464.3349011,3.228626238,0.373394405,0.373394405,0.373394405,2.855231833,2.5462E-32
83,0,0,Active growth&accrescence,781.6670661,360.2987296,12.34537985,0.263531729,0.977649392,1.11022E-16,-545.8667814,3.886988334,0.463048621,0.463048621,0.463048621,3.423939713,3.05336E-32
84,0,0.250000012,Active growth&accrescence,788.5570663,369.7851974,12.69567353,0.271540331,0.987918143,-2.22045E-16,-114.113399,2.120031569,0.211082304,0.26172595,0.176664077,1.858305619,0.034418228
85,0,0.250000012,Active growth&accrescence,798.9370664,389.6796348,13.23943066,0.284035876,0.999999993,1.11022E-16,-319.7694744,3.079191194,0.563609496,0.390924061,0.390924061,2.688267132,0.172685435
86,0,0,Active growth&accrescence,810.9220666,416.0350199,13.89168937,0.299128512,0.999999993,-2.22045E-16,-593.7953907,4.292639393,0.663002718,0.568321016,0.568321016,3.724318377,0.094681702
87,0,5.59000019,Active growth&accrescence,820.2120668,425.5769085,14.41563405,0.311335121,0.999999993,0,-593.7953907,1.534966294,1.459822466,0.213232749,0.138088921,1.321733544,1.321733544
88,0,0,Active growth&accrescence,833.5920666,454.0281272,15.19896447,0.329724864,0.999999993,1.11022E-16,-651.0457611,4.762382014,4.762382014,0.686527563,0.686527563,4.075854451,4.075854451
89,0,0,Active growth&accrescence,844.3420666,483.9623657,15.8532906,0.34521674,0.999999993,0,-612.3257348,4.379734755,0.833618316,0.665674329,0.665674329,3.714060426,0.167943987
90,0,0,Active growth&accrescence,853.2870666,508.8815017,16.41496009,0.358611261,0.999999993,-4.44089E-16,-523.4659929,3.625929326,0.619664547,0.574829113,0.574829113,3.051100213,0.044835434
91,0,0,Active growth&accrescence,863.8820666,533.8237237,17.10069796,0.375087086,0.999999993,-2.22045E-16,-432.4042516,2.904768728,0.499574235,0.476816627,0.476816627,2.427952101,0.022757608
92,0,0,Active growth&accrescence,874.6320666,564.5096473,17.8193765,0.392501271,0.999999993,1.11022E-16,-600.1377281,4.237793069,0.749733012,0.724692193,0.724692193,3.513100876,0.025040819
93,0,0,Active growth&accrescence,885.6620663,594.8451858,18.58097012,0.411122316,0.999999993,-2.22045E-16,-562.9981121,3.926545104,0.715858662,0.699685856,0.699685856,3.226859249,0.016172807
94,0,0,Active growth&accrescence,897.1920665,632.0303051,19.4034649,0.431429052,0.999999993,1.11022E-16,-635.0203495,4.4945919,0.84920163,0.835138778,0.835138778,3.659453122,0.014062852
95,0,0,Active growth&accrescence,907.9270664,667.8094631,20.19359306,0.451132795,0.999999993,-2.22045E-16,-548.5599381,3.768719324,0.740229782,0.731262131,0.731262131,3.037457193,0.008967651
96,0,0,Active growth&accrescence,922.6720663,709.4784805,21.31720741,0.4794914,0.999999993,0,-702.2069108,5.051743896,1.029988654,1.020128605,1.020128605,4.031615291,0.009860049
97,0,0,Active growth&accrescence,939.1620663,744.8569758,22.62624811,0.513045172,0.999999993,0,-697.9533153,5.019380703,1.077667836,1.069991795,1.069991795,3.949388908,0.007676041
98,0,0,Active growth&accrescence,956.2070666,788.6567613,24.03709071,0.549850001,0.999999993,-2.22045E-16,-834.7073746,6.114257235,1.390961442,1.383427012,1.383427012,4.730830223,0.00753443
99,25,0,Active growth&accrescence,970.6770664,830.8122226,25.2801989,0.582850108,0.999999993,0,-670.664813,4.945595935,4.945595935,1.188777381,1.188777381,3.756818554,3.756818554
100,0,0,Active growth&accrescence,982.1470662,871.165304,26.29464095,0.61018935,0.999999993,6.66134E-16,-569.4528438,4.065456861,3.594834835,1.02775558,1.02775558,3.03770128,2.567079255
101,0,0,Active growth&accrescence,995.2670666,918.2851644,27.48580677,0.642775749,0.999999993,-2.22045E-16,-657.0045598,4.774620606,1.255469345,1.255469345,1.255469345,3.519151261,3.13827E-32
102,0,0,Active growth&accrescence,1007.212066,971.640564,28.59811018,0.673691698,0.999999993,0,-728.4960146,5.306926117,1.458651458,1.458651458,1.458651458,3.848274659,3.43177E-32
103,0,0,Active growth&accrescence,1016.872066,1023.782426,29.51644044,0.699581402,0.999999993,0,-649.5177195,4.616814055,1.32032157,1.32032157,1.32032157,3.296492485,2.93971E-32
104,0,0,Active growth&accrescence,1026.952066,1067.253677,30.49204441,0.727457942,0.999999993,2.22045E-16,-584.7621304,4.086616672,1.206223776,1.206223776,1.206223776,2.880392896,2.56864E-32
105,0,0,Active growth&accrescence,1041.492066,1134.878975,31.92925021,0.769245167,0.999999993,1.11022E-16,-829.619446,6.094110666,1.858218931,1.858218931,1.858218931,4.235891735,3.77743E-32
106,0,0,Active growth&accrescence,1054.937066,1195.07617,33.28803319,0.809571674,0.999999993,-2.22045E-16,-637.8008609,4.497637737,1.436062007,1.436062007,1.436062007,3.06157573,2.73021E-32
107,0,7.62000028,Active growth&accrescence,1066.512066,1229.934759,34.47931714,0.845608649,0.999999993,2.22045E-16,-138.5281293,1.808299024,1.702746411,0.60194718,0.496394566,1.206351845,1.206351845
108,0,0.250000012,Active growth&accrescence,1077.602066,1307.390387,35.6380711,0.881295788,0.999999993,2.22045E-16,-631.9457648,5.134222984,5.134222984,1.770245025,1.770245025,3.363977959,3.363977959
109,0,0,Active growth&accrescence,1087.847066,1370.450274,36.72257619,0.915283149,0.999999993,-2.22045E-16,-631.6414572,4.367173358,3.559944363,1.556376346,1.556376346,2.810797011,2.003568017
110,0,0,Active growth&accrescence,1100.257066,1439.466981,38.05281263,0.957775961,0.999999993,-2.22045E-16,-674.5263112,4.70449578,1.727612047,1.727612047,1.727612047,2.976883733,0
111,0,0,Active growth&accrescence,1110.512066,1489.637871,39.16445097,0.99399176,0.999999993,0,-440.6407791,2.787085032,1.060564245,1.060564245,1.060564245,1.726520787,0
112,0,4.829999991,Active growth&accrescence,1121.742066,1566.315791,40.39320853,1.034801335,0.999999993,1.11022E-16,-517.525629,4.380136376,4.380136376,1.715456363,1.715456363,2.664680012,2.664680012
113,0,0,Active growth&accrescence,1131.647066,1636.029209,41.48569993,1.071798032,0.999999993,-2.22045E-16,-475.6800048,3.005901033,3.005901033,1.214179873,1.214179873,1.79172116,1.79172116
114,0,0.760000024,Active growth&accrescence,1146.407067,1717.762929,43.12634941,1.12867607,0.999999993,0,-586.5792341,4.899326817,3.124233106,2.032520022,2.032520022,2.866806795,1.091713084
115,25,0,Active growth&accrescence,1155.497067,1787.918324,44.1428601,1.164745656,0.999999993,-2.22045E-16,-422.82513,2.781989637,2.781989637,1.199770571,1.199770571,1.582219065,1.582219065
116,0,0,Active growth&accrescence,1166.392067,1881.128331,45.36584127,1.209021762,0.999999993,2.22045E-16,-715.097939,5.089713416,5.089713416,2.246745073,2.246745073,2.842968343,2.842968343
117,0,0,Active growth&accrescence,1178.072067,1993.3625,46.68083479,1.257748694,0.999999993,-4.44089E-16,-761.1585837,5.432339098,4.363136733,2.464426333,2.464426333,2.967912766,1.8987104
118,0,0,Active growth&accrescence,1189.047067,2086.653624,47.91840864,1.304717265,0.999999993,0,-689.815509,4.822246084,2.251064727,2.251064727,2.251064727,2.571181356,0
119,0,0,Active growth&accrescence,1200.587068,2171.119725,49.21989092,1.355330923,0.999999993,-4.44089E-16,-747.7028534,5.248841306,2.515161226,2.515161226,2.515161226,2.73368008,0
120,0,0,Active growth&accrescence,1214.447068,2250.020233,50.78063256,1.417765986,0.999999993,0,-749.9011304,5.247092492,2.582613201,2.582613201,2.582613201,2.664479291,0
121,0,0,Active growth&accrescence,1231.012068,2324.275465,52.63819704,1.494708254,0.999999993,2.22045E-16,-706.8644683,4.879278868,2.477728674,2.477728674,2.477728674,2.401550194,0
122,0,0,Active growth&accrescence,1251.617067,2425.623059,54.92906935,1.593865401,0.999999993,1.11022E-16,-964.658923,6.927074661,3.646287209,3.646287209,3.646287209,3.280787452,0
123,25,0,Active growth&accrescence,1269.442067,2551.789161,56.88584172,1.682637489,0.999999993,4.44089E-16,-892.3337655,6.48172595,6.48172595,3.560351742,3.560351742,2.921374208,2.921374208
124,0,4.060000181,Active growth&accrescence,1284.947067,2654.515621,58.56385731,1.762033348,0.999999993,0,-529.8408503,4.544228854,4.544228854,2.585022834,2.585022834,1.959206021,1.959206021
125,0,2.540000016,Active growth&accrescence,1299.307068,2773.97024,60.09438546,1.837306314,0.999999993,3.33067E-16,-606.1796889,5.120213586,5.120213586,2.998594579,2.998594579,2.121619008,2.121619008
126,0,0,Active growth&accrescence,1313.032068,2888.313565,61.53328899,1.910753936,0.999999993,0,-716.4480865,4.950822448,4.950822448,2.975166325,2.975166325,1.975656122,1.975656122
127,0,0,Active growth&accrescence,1328.152067,3005.138399,63.08848463,1.993293228,0.999999993,0,-769.2582749,5.332174182,5.332174182,3.281062149,3.281062149,2.051112033,2.051112033
128,0,6.100000348,Active growth&accrescence,1343.612068,3112.939937,64.64326776,2.079362733,0.999999993,0,-568.4478025,4.693232342,4.693232342,2.960889165,2.960889165,1.732343177,1.732343177
129,0,0.250000012,Active growth&accrescence,1357.557068,3268.650034,66.01271252,2.158367258,0.999999993,1.11022E-16,-756.1744484,5.501848463,5.501848463,3.556574634,3.556574634,1.945273829,1.945273829
130,25,0,Active growth&accrescence,1370.877068,3409.543612,67.28984714,2.234969343,0.999999993,1.11022E-16,-734.4304357,5.126940611,5.126940611,3.384432567,3.384432567,1.742508044,1.742508044
131,0,0,Active growth&accrescence,1384.467068,3536.668807,68.56026698,2.31419542,0.999999993,0,-698.2229601,4.801865803,4.801865803,3.231168159,3.231168159,1.570697644,1.570697644
132,0,0,Active growth&accrescence,1397.712068,3680.495405,69.765553,2.392376565,0.999999993,-2.22045E-16,-921.4135014,6.501126587,6.501126587,4.457189744,4.457189744,2.043936842,2.043936842
133,0,0,Active growth&accrescence,1412.607068,3798.609912,71.08098317,2.481341571,0.999999993,0,-842.4846388,5.819436254,4.547274159,4.059961884,4.059961884,1.75947437,0.487312275
134,0,0,Active growth&accrescence,1430.622069,3917.137888,72.6138418,2.590264951,0.999999993,0,-866.1408393,5.942851881,4.341307029,4.224237546,4.224237546,1.718614336,0.117069484
135,0,0,Active growth&accrescence,1450.997068,4025.88422,74.26917061,2.714960652,0.999999993,2.22045E-16,-861.5988009,5.813492559,4.283354732,4.22140029,4.22140029,1.592092269,0.061954441
136,25,0,Active growth&accrescence,1473.407069,4207.801625,75.99244556,2.853603274,0.999999993,4.44089E-16,-1190.563758,8.629441349,8.629441349,6.409014518,6.409014518,2.220426831,2.220426831
137,0,0,Active growth&accrescence,1492.242068,4362.043109,77.36157819,2.971043287,0.999999993,2.22045E-16,-909.4591348,6.292034538,6.292034538,4.781470921,4.781470921,1.510563617,1.510563617
138,0,0,Active growth&accrescence,1507.367068,4509.57574,78.40885558,3.065773872,0.999999993,1.11022E-16,-748.9509218,4.933887379,4.933887379,3.816933142,3.816933142,1.116954236,1.116954236
139,0,0,Active growth&accrescence,1524.237068,4677.722673,79.52267714,3.171704229,0.999999993,-2.22045E-16,-899.6827682,6.040693452,5.578413013,4.736438605,4.736438605,1.304254847,0.841974409
140,25,0,Active growth&accrescence,1540.762068,4821.481368,80.5590181,3.275573758,0.999999993,3.33067E-16,-855.0206448,5.836392228,5.836392228,4.641255348,4.641255348,1.19513688,1.19513688
141,0,0,Active growth&accrescence,1559.617068,4958.563679,81.67669662,3.393993055,0.999999993,0,-838.8733062,5.656361809,5.656361809,4.556709534,4.556709534,1.099652275,1.099652275
142,0,0,Active growth&accrescence,1581.302068,5116.097342,82.87909259,3.529739628,0.999999993,-2.22045E-16,-991.644517,6.785411616,6.785411616,5.542100061,5.542100061,1.243311556,1.243311556
143,0,0,Active growth&accrescence,1601.012068,5248.877755,83.89754335,3.652396678,0.999999993,-4.44089E-16,-733.9481684,4.652717986,4.652717986,3.856130447,3.856130447,0.796587538,0.796587538
144,25,0,Active growth&accrescence,1620.052068,5404.107764,84.81670511,3.769948766,0.999999993,2.22045E-16,-824.9924938,5.607446179,5.607446179,4.704509589,4.704509589,0.90293659,0.90293659
145,0,0,Active growth&accrescence,1638.577068,5558.218131,85.65254037,3.883194578,0.999999993,0,-850.1596431,5.740229209,5.740229209,4.868673281,4.868673281,0.871555928,0.871555928
146,0,0,Active growth&accrescence,1657.702068,5769.500919,86.45766205,3.998698527,0.999999993,1.11022E-16,-1071.994455,7.388275179,7.388275179,6.32824538,6.32824538,1.060029798,1.060029798
147,0,0,Active growth&accrescence,1672.532068,5937.668278,87.04336313,4.087124059,0.999999993,0,-836.2950995,5.414171929,5.414171929,4.680966469,4.680966469,0.73320546,0.73320546
148,25,0,Active growth&accrescence,1688.142068,6118.2762,87.62506105,4.178993623,0.999999993,-4.44089E-16,-808.6854194,5.467754213,5.467754213,4.759317155,4.759317155,0.708437058,0.708437058
149,0,0,Active growth&accrescence,1704.267067,6312.837303,88.19011248,4.27246616,0.999999993,-2.22045E-16,-898.307688,6.108584073,6.108584073,5.352650524,5.352650524,0.755933549,0.755933549
150,0,0,Active growth&accrescence,1720.792068,6488.412176,88.73318901,4.366617724,0.999999993,0,-956.4683939,6.480183483,6.480183483,5.714881103,5.714881103,0.76530238,0.76530238
151,0,0,Active growth&accrescence,1741.257068,6660.831764,89.35798784,4.480721215,0.999999993,-2.22045E-16,-997.9964012,6.698465113,6.698465113,5.943761709,5.943761709,0.754703404,0.754703404
152,25,0,Active growth&accrescence,1762.357068,6835.800229,89.95023585,4.595242038,0.999999993,4.44089E-16,-974.7797231,6.727158359,6.727158359,6.011253348,6.011253348,0.71590501,0.71590501
153,0,0,Active growth&accrescence,1783.067068,6999.645807,90.48375145,4.704338949,0.999999993,0,-945.2934379,6.42320617,6.42320617,5.777689099,5.777689099,0.645517071,0.645517071
154,0,0,Active growth&accrescence,1805.512068,7202.038629,91.01238682,4.818645739,0.999999993,1.11022E-16,-1104.774784,7.570463284,7.570463284,6.850039181,6.850039181,0.720424103,0.720424103
155,25,0,Active growth&accrescence,1827.157067,7388.666752,91.47701738,4.924807668,0.999999993,0,-1089.441557,7.615610642,7.615610642,6.931149015,6.931149015,0.684461626,0.684461626
156,0,0,Active growth&accrescence,1845.452067,7578.380426,91.83773934,5.011298028,0.999999993,1.11022E-16,-990.8812854,6.765692957,6.765692957,6.189054122,6.189054122,0.576638835,0.576638835
157,0,0,Active growth&accrescence,1863.152068,7743.828949,92.16080389,5.092067787,0.999999993,1.11022E-16,-892.6191999,5.915800926,5.915800926,5.432937835,5.432937835,0.482863092,0.482863092
158,0,0,Active growth&accrescence,1881.267068,7912.248258,92.46683018,5.171708548,0.999999993,0,-920.1750701,6.026079237,6.026079237,5.553683067,5.553683067,0.472396169,0.472396169
159,25,0,Active growth&accrescence,1903.162068,8085.399098,92.80591284,5.263821449,0.999999993,0,-999.2599468,6.871034139,6.871034139,6.353427469,6.353427469,0.51760667,0.51760667
160,0,0,Active growth&accrescence,1924.532068,8265.7328,93.10692134,5.34930474,0.999999993,-6.66134E-16,-984.3615296,6.68717524,6.68717524,6.206094024,6.206094024,0.481081216,0.481081216
161,0,0,Active growth&accrescence,1944.012068,8447.742304,93.35764693,5.423407816,0.999999993,3.33067E-16,-974.8243221,6.52464572,6.52464572,6.074896758,6.074896758,0.449748962,0.449748962
162,0,0,Active growth&accrescence,1962.042068,8641.841484,93.57117051,5.488755405,0.999999993,1.11022E-16,-957.1817329,6.26920858,6.26920858,5.852785611,5.852785611,0.416422968,0.416422968
163,25,0,Active growth&accrescence,1981.012068,8839.819271,93.77804415,5.554171766,0.999999993,0,-1015.558947,6.953020348,6.953020348,6.506022525,6.506022525,0.446997823,0.446997823
164,0,0,Active growth&accrescence,1997.612068,9034.336011,93.94520215,5.608638392,0.999999993,-4.44089E-16,-723.224158,4.631298214,4.631298214,4.343140884,4.343140884,0.28815733,0.28815733
165,0,0,Active growth&accrescence,2015.047068,9262.464811,94.10784188,5.663095702,0.999999993,1.11022E-16,-957.4251833,6.395704238,6.395704238,6.008457276,6.008457276,0.387246962,0.387246962
166,0,0,Active growth&accrescence,2032.152068,9449.441709,94.25544272,5.713834678,0.999999993,-4.44089E-16,-801.4429429,5.088005558,5.088005558,4.788212226,4.788212226,0.299793333,0.299793333
167,25,5.330000073,Active growth&accrescence,2047.387068,9637.039695,94.37762471,5.756831925,0.999999993,2.22045E-16,-618.8477874,5.065808421,5.065808421,4.774800154,4.774800154,0.291008266,0.291008266
168,0,4.320000298,Active growth&accrescence,2060.492068,9748.852246,94.47617491,5.792199229,0.999999993,0,-190.9659636,2.008108049,1.80021366,1.895204678,1.68731029,0.112903371,0.112903371
169,0,0.250000012,Active growth&accrescence,2079.337068,9958.333557,94.60797833,5.840499587,0.999999993,1.11022E-16,-836.1789805,6.044167772,6.044167772,5.710298516,5.710298516,0.333869256,0.333869256
170,0,0,Active growth&accrescence,2101.212068,10176.84134,94.74742124,5.892902077,0.999999993,0,-1181.160612,8.380939149,8.380939149,7.929037093,7.929037093,0.451902055,0.451902055
171,0,0,Active growth&accrescence,2122.222068,10404.53812,94.86883507,5.939674942,0.999999993,-2.22045E-16,-1148.405446,8.001335265,8.001335265,7.581058828,7.581058828,0.420276436,0.420276436
172,0,0,Active growth&accrescence,2138.472068,10576.10769,94.95503981,5.973560844,0.999999993,2.22045E-16,-825.1238466,5.334270554,5.334270554,5.060560335,5.060560335,0.27371022,0.27371022
173,0,0,flowering(anthesis)&culminescence,2157.947068,10744.5676,94.95503981,5.973560844,0.999999993,3.33067E-16,-1007.859885,6.575250442,6.575250442,6.243531674,6.243531674,0.331718768,0.331718768
174,25,0,flowering(anthesis)&culminescence,2179.367067,10905.58371,94.95503981,5.973560844,0.999999993,-2.22045E-16,-1004.184544,6.943612873,6.943612873,6.593310368,6.593310368,0.350302506,0.350302506
175,0,0,flowering(anthesis)&culminescence,2202.367067,11092.99693,94.95503981,5.973560844,0.999999993,0,-956.9838198,6.501130939,6.501130939,6.173151471,6.173151471,0.327979468,0.327979468
176,0,0,flowering(anthesis)&culminescence,2222.872067,11232.95274,94.95503981,5.973560844,0.999999993,-6.66134E-16,-710.419848,4.509491064,4.509491064,4.281989034,4.281989034,0.227502029,0.227502029
177,0,0.760000024,flowering(anthesis)&culminescence,2244.747067,11402.08859,94.95503981,5.973560844,0.999999993,2.22045E-16,-636.0850013,4.663194757,4.663194757,4.427938437,4.427938437,0.235256319,0.235256319
178,25,1.78000005,flowering(anthesis)&culminescence,2265.347067,11590.46882,94.95503981,5.973560844,0.999999993,0,-700.3081402,5.630088944,5.630088944,5.346053198,5.346053198,0.284035746,0.284035746
179,0,0,yield formation&culminescence,2285.532066,11834.61537,94.95503981,5.973560844,0.999999993,-2.22045E-16,-1106.368985,7.720391324,7.720391324,7.330900655,7.330900655,0.389490669,0.389490669
180,0,0,yield formation&culminescence,2305.582067,12044.93036,94.95503981,5.973560844,0.999999993,0,-991.6602261,6.732132256,6.732132256,6.392498863,6.392498863,0.339633393,0.339633393
181,0,0,yield formation&culminescence,2325.547067,12248.90244,94.95503981,5.973560844,0.999999993,-2.22045E-16,-1037.366368,6.961053062,6.961053062,6.609870706,6.609870706,0.351182356,0.351182356
182,25,0,yield formation&culminescence,2348.547067,12414.78595,94.95503981,5.973560844,0.999999993,2.22045E-16,-1127.970781,7.86792044,7.86792044,7.470986986,7.470986986,0.396933454,0.396933454
183,0,0,yield formation&culminescence,2371.547067,12560.68899,94.95503981,5.973560844,0.999999993,1.11022E-16,-900.8497867,6.032447618,6.032447618,5.728113037,5.728113037,0.304334581,0.304334581
184,0,0,yield formation&culminescence,2394.547067,12772.81455,94.95503981,5.973560844,0.999999993,0.065129695,-1316.849098,9.241262674,8.669746696,8.775044651,8.203528672,0.466218023,0.466218023
185,0,0,yield formation&culminescence,2417.547067,12944.97696,94.95503981,5.973560844,0.999999993,0,-1011.293482,6.608503898,6.608503898,6.275107507,6.275107507,0.333396391,0.333396391
186,25,0,yield formation&culminescence,2440.547067,13111.87952,94.95503981,5.973560844,0.999999993,0,-1034.743459,7.070990104,7.070990104,6.714261468,6.714261468,0.356728636,0.356728636
187,0,0,yield formation&culminescence,2463.547067,13290.36018,94.95503981,5.973560844,0.999999993,0,-1101.8578,7.516468804,7.516468804,7.137265945,7.137265945,0.379202859,0.379202859
188,0,0,yield formation&culminescence,2486.547067,13484.93159,94.95503981,5.973560844,0.999999993,0,-1077.759847,7.222430854,7.222430854,6.858062092,6.858062092,0.364368762,0.364368762
189,25,0,yield formation&culminescence,2509.547067,13645.96475,94.95503981,5.973560844,0.999999993,1.11022E-16,-1056.882826,7.227463081,7.227463081,6.862840445,6.862840445,0.364622636,0.364622636
190,0,0,yield formation&culminescence,2532.547067,13822.53967,94.95503981,5.973560844,0.999999993,2.22045E-16,-1130.794707,7.726707413,7.726707413,7.3368981,7.3368981,0.389809313,0.389809313
191,0,0,yield formation&culminescence,2555.547067,14011.89408,94.95503981,5.973560844,0.999999993,-2.22045E-16,-1197.595367,8.129658379,8.129658379,7.71952035,7.71952035,0.410138029,0.410138029
192,25,0,yield formation&senescence,2578.547067,14181.79709,94.94332142,5.968920652,0.999999993,1.11022E-16,-978.793277,6.604189947,6.604189947,6.271011193,6.271011193,0.333178754,0.333178754
193,0,0,yield formation&senescence,2601.547067,14364.44855,94.33113644,5.740363038,0.999999993,-4.44089E-16,-1083.690116,7.312369363,7.311512472,6.942606348,6.942606348,0.368906124,0.368906124
194,0,0,yield formation&senescence,2624.547067,14508.45358,93.37720864,5.429306498,0.999999993,3.33067E-16,-981.8722373,6.419282926,6.428299791,6.055382535,6.055382535,0.372917255,0.372917255
195,0,0,yield formation&senescence,2647.547067,14697.54028,91.90455331,5.027736838,0.999999993,-2.22045E-16,-1216.416539,8.045442072,8.041492255,7.512609229,7.512609229,0.528883026,0.528883026
196,25,0,yield formation&senescence,2670.547067,14851.41394,89.66348851,4.538975508,0.999999993,-2.22045E-16,-1007.968058,6.641838269,6.59153428,6.104151792,6.104151792,0.487382488,0.487382488
197,0,0,yield formation&senescence,2693.547067,15000.08818,86.32646979,3.979416647,0.999999993,-2.22045E-16,-1183.508132,7.802584696,7.628268973,6.996069632,6.996069632,0.632199341,0.632199341
198,0,0,yield formation&senescence,2716.547067,15144.9256,81.51512261,3.376434453,0.999999993,0.283509812,-1375.424809,9.349719483,6.612016143,8.071282764,5.782994906,0.829021237,0.829021237
199,0,0,yield formation&senescence,2739.547067,15298.51763,74.89088756,2.763878721,0.999999993,-2.22045E-16,-1217.265353,7.476710518,6.814744608,6.094649746,6.094649746,0.720094862,0.720094862
200,25,0,yield formation&senescence,2762.547067,15421.94568,66.32743868,2.176973769,0.999999993,0.292202943,-1374.882187,8.99319614,5.701964282,6.735084409,4.767072923,0.934891359,0.934891359
201,0,0,maturity&senescence,2785.547067,15421.94568,56.11539161,1.647213067,0.999999993,0.292202943,0,6.268260678,0.699532218,4.157576757,0,0.699532218,0.699532218
202,0,0,maturity&harvest&senescence,2806.77225,0,2.47631E-14,4.44089E-16,0.999999993,0.292202943,0,5.979634742,0.713028267,3.355495452,0,0.713028267,0.713028267
203,0,0,0,0,0,0,0,0,0,0,4.526908769,3.976445965,0,0,4.526908769,3.976445965
204,0,2.289999975,0,0,0,0,0,0,0,0,4.629973104,2.965171517,0,0,4.629973104,2.965171517
205,0,0.250000012,0,0,0,0,0,0,0,0,6.438545916,0.119250212,0,0,6.438545916,0.119250212
206,0,0,0,0,0,0,0,0,0,0,5.463932096,0.027680802,0,0,5.463932096,0.027680802
207,0,0,0,0,0,0,0,0,0,0,5.655944065,0.017805432,0,0,5.655944065,0.017805432
208,0,0,0,0,0,0,0,0,0,0,4.922753634,0.010605384,0,0,4.922753634,0.010605384
209,0,0,0,0,0,0,0,0,0,0,6.043002963,0.009981572,0,0,6.043002963,0.009981572
210,0,0,0,0,0,0,0,0,0,0,6.708417949,0.008315836,0,0,6.708417949,0.008315836
211,0,0,0,0,0,0,0,0,0,0,6.297474197,0.005928047,0,0,6.297474197,0.005928047
212,0,0,0,0,0,0,0,0,0,0,5.075957443,0.003825905,0,0,5.075957443,0.003825905
213,0,0,0,0,0,0,0,0,0,0,5.348347775,0.003442785,0,0,5.348347775,0.003442785
214,0,0,0,0,0,0,0,0,0,0,4.553544776,0.002514114,0,0,4.553544776,0.002514114
215,0,0,0,0,0,0,0,0,0,0,5.105053509,0.002499833,0,0,5.105053509,0.002499833
216,0,0,0,0,0,0,0,0,0,0,5.348598901,0.002306867,0,0,5.348598901,0.002306867
217,0,0,0,0,0,0,0,0,0,0,6.441022663,0.002452225,0,0,6.441022663,0.002452225
218,0,0,0,0,0,0,0,0,0,0,7.229102625,0.002388551,0,0,7.229102625,0.002388551
219,0,0,0,0,0,0,0,0,0,0,6.871013933,0.00195706,0,0,6.871013933,0.00195706
220,0,0,0,0,0,0,0,0,0,0,5.443864284,0.001360984,0,0,5.443864284,0.001360984
221,0,0,0,0,0,0,0,0,0,0,5.459967578,0.001240086,0,0,5.459967578,0.001240086
222,0,0,0,0,0,0,0,0,0,0,5.153320176,0.001067931,0,0,5.153320176,0.001067931
223,0,0,0,0,0,0,0,0,0,0,4.157172121,0.000793321,0,0,4.157172121,0.000793321
224,0,0,0,0,0,0,0,0,0,0,4.96049773,0.000888359,0,0,4.96049773,0.000888359
225,0,0.250000012,0,0,0,0,0,0,0,0,5.080205745,0.112773079,0,0,5.080205745,0.112773079
226,0,5.59000019,0,0,0,0,0,0,0,0,4.91981736,4.91981736,0,0,4.91981736,4.91981736
227,0,0,0,0,0,0,0,0,0,0,4.460433919,0.83110447,0,0,4.460433919,0.83110447
228,0,0,0,0,0,0,0,0,0,0,5.010534124,0,0,0,5.010534124,0
229,0,0,0,0,0,0,0,0,0,0,4.647378527,0,0,0,4.647378527,0
230,0,0,0,0,0,0,0,0,0,0,4.947207951,0,0,0,4.947207951,0
231,0,0,0,0,0,0,0,0,0,0,5.36228542,0,0,0,5.36228542,0
232,0,0,0,0,0,0,0,0,0,0,5.599656708,0,0,0,5.599656708,0
233,0,0,0,0,0,0,0,0,0,0,6.027480374,0,0,0,6.027480374,0
234,0,0,0,0,0,0,0,0,0,0,4.96682278,0,0,0,4.96682278,0
235,0,0,0,0,0,0,0,0,0,0,4.423695573,0,0,0,4.423695573,0
236,0,0,0,0,0,0,0,0,0,0,4.859411728,0,0,0,4.859411728,0
237,0,0,0,0,0,0,0,0,0,0,4.356715545,0,0,0,4.356715545,0
238,0,0,0,0,0,0,0,0,0,0,5.079800662,0,0,0,5.079800662,0
239,0,0,0,0,0,0,0,0,0,0,6.166976763,0,0,0,6.166976763,0
240,0,0,0,0,0,0,0,0,0,0,5.200919996,0,0,0,5.200919996,0
241,0,0,0,0,0,0,0,0,0,0,5.924941694,0,0,0,5.924941694,0
242,0,0,0,0,0,0,0,0,0,0,4.737009755,0,0,0,4.737009755,0
243,0,0,0,0,0,0,0,0,0,0,4.862284072,0,0,0,4.862284072,0
244,0,0,0,0,0,0,0,0,0,0,5.026770304,0,0,0,5.026770304,0
245,0,0,0,0,0,0,0,0,0,0,5.388448557,0,0,0,5.388448557,0
246,0,0,0,0,0,0,0,0,0,0,5.298031927,0,0,0,5.298031927,0
247,0,0,0,0,0,0,0,0,0,0,4.152528753,0,0,0,4.152528753,0
248,0,0,0,0,0,0,0,0,0,0,4.431532765,0,0,0,4.431532765,0
249,0,0,0,0,0,0,0,0,0,0,4.305188282,0,0,0,4.305188282,0
250,0,0,0,0,0,0,0,0,0,0,4.49256298,0,0,0,4.49256298,0
251,0,0,0,0,0,0,0,0,0,0,5.103578982,0,0,0,5.103578982,0
252,0,0,0,0,0,0,0,0,0,0,4.168726422,0,0,0,4.168726422,0
253,0,0,0,0,0,0,0,0,0,0,4.597411466,0,0,0,4.597411466,0
254,0,0,0,0,0,0,0,0,0,0,4.26697929,0,0,0,4.26697929,0
255,0,0,0,0,0,0,0,0,0,0,3.793964274,0,0,0,3.793964274,0
256,0,0,0,0,0,0,0,0,0,0,3.855387771,0,0,0,3.855387771,0
257,0,0,0,0,0,0,0,0,0,0,4.07831261,0,0,0,4.07831261,0
258,0,0,0,0,0,0,0,0,0,0,3.936281718,0,0,0,3.936281718,0
259,0,0,0,0,0,0,0,0,0,0,3.876593079,0,0,0,3.876593079,0
260,0,0,0,0,0,0,0,0,0,0,3.400635402,0,0,0,3.400635402,0
261,0,0,0,0,0,0,0,0,0,0,5.152685393,0,0,0,5.152685393,0
262,0,0,0,0,0,0,0,0,0,0,5.074139311,0,0,0,5.074139311,0
263,0,0,0,0,0,0,0,0,0,0,4.394674825,0,0,0,4.394674825,0
264,0,0,0,0,0,0,0,0,0,0,3.87193803,0,0,0,3.87193803,0
265,0,0,0,0,0,0,0,0,0,0,3.9269512,0,0,0,3.9269512,0
266,0,0,0,0,0,0,0,0,0,0,2.376780993,0,0,0,2.376780993,0
267,0,0,0,0,0,0,0,0,0,0,2.821146289,0,0,0,2.821146289,0
268,0,0,0,0,0,0,0,0,0,0,2.247207893,0,0,0,2.247207893,0
269,0,0,0,0,0,0,0,0,0,0,3.905479223,0,0,0,3.905479223,0
270,0,0,0,0,0,0,0,0,0,0,2.913253669,0,0,0,2.913253669,0
271,0,0,0,0,0,0,0,0,0,0,3.348479162,0,0,0,3.348479162,0
272,0,0,0,0,0,0,0,0,0,0,4.338570754,0,0,0,4.338570754,0
273,0,2.289999975,0,0,0,0,0,0,0,0,3.766045109,2.289999975,0,0,3.766045109,2.289999975
274,0,0,0,0,0,0,0,0,0,0,3.763605135,3.35626E-32,0,0,3.763605135,3.35626E-32
275,0,0,0,0,0,0,0,0,0,0,3.344432078,2.98246E-32,0,0,3.344432078,2.98246E-32
276,0,0,0,0,0,0,0,0,0,0,3.222487983,2.87371E-32,0,0,3.222487983,2.87371E-32
277,0,0,0,0,0,0,0,0,0,0,3.036164108,2.70755E-32,0,0,3.036164108,2.70755E-32
278,0,0,0,0,0,0,0,0,0,0,3.406316166,3.03764E-32,0,0,3.406316166,3.03764E-32
279,0,0,0,0,0,0,0,0,0,0,4.15902912,3.70889E-32,0,0,4.15902912,3.70889E-32
280,0,0,0,0,0,0,0,0,0,0,3.696491399,3.29641E-32,0,0,3.696491399,3.29641E-32
281,0,0,0,0,0,0,0,0,0,0,3.132049389,2.79306E-32,0,0,3.132049389,2.79306E-32
282,0,0,0,0,0,0,0,0,0,0,3.073688214,2.74102E-32,0,0,3.073688214,2.74102E-32
283,0,0,0,0,0,0,0,0,0,0,3.962287258,3.53344E-32,0,0,3.962287258,3.53344E-32
284,0,0,0,0,0,0,0,0,0,0,5.310578395,4.7358E-32,0,0,5.310578395,4.7358E-32
285,0,0,0,0,0,0,0,0,0,0,3.466375353,3.0912E-32,0,0,3.466375353,3.0912E-32
286,0,0,0,0,0,0,0,0,0,0,2.739915123,2.44337E-32,0,0,2.739915123,2.44337E-32
287,0,0,0,0,0,0,0,0,0,0,3.05267154,2.72227E-32,0,0,3.05267154,2.72227E-32
288,0,3.050000174,0,0,0,0,0,0,0,0,2.142915496,2.142915496,0,0,2.142915496,2.142915496
289,0,0,0,0,0,0,0,0,0,0,2.813733563,0.68607238,0,0,2.813733563,0.68607238
290,0,0,0,0,0,0,0,0,0,0,1.759409199,0.025467777,0,0,1.759409199,0.025467777
291,0,0,0,0,0,0,0,0,0,0,3.078429611,0.03488284,0,0,3.078429611,0.03488284
292,0,0,0,0,0,0,0,0,0,0,2.477862684,0.018953663,0,0,2.477862684,0.018953663
293,0,5.080000032,0,0,0,0,0,0,0,0,2.72671448,2.72671448,0,0,2.72671448,2.72671448
294,0,0.250000012,0,0,0,0,0,0,0,0,3.180440362,2.744993582,0,0,3.180440362,2.744993582
295,0,0.760000024,0,0,0,0,0,0,0,0,3.049849428,0.522031745,0,0,3.049849428,0.522031745
296,0,2.289999975,0,0,0,0,0,0,0,0,1.343901053,1.343901053,0,0,1.343901053,1.343901053
297,0,1.270000008,0,0,0,0,0,0,0,0,1.232244715,1.232244715,0,0,1.232244715,1.232244715
298,0,0.250000012,0,0,0,0,0,0,0,0,1.939405418,1.245004113,0,0,1.939405418,1.245004113
299,0,0,0,0,0,0,0,0,0,0,2.71586438,0.041405298,0,0,2.71586438,0.041405298
300,0,0,0,0,0,0,0,0,0,0,2.187500506,0.022285392,0,0,2.187500506,0.022285392
301,0,3.560000099,0,0,0,0,0,0,0,0,0.991968508,0.991968508,0,0,0.991968508,0.991968508
302,0,0,0,0,0,0,0,0,0,0,2.265281975,2.265281975,0,0,2.265281975,2.265281975
303,0,0,0,0,0,0,0,0,0,0,1.023765713,0.065846852,0,0,1.023765713,0.065846852
304,0,0.250000012,0,0,0,0,0,0,0,0,0.920204119,0.115223992,0,0,0.920204119,0.115223992
305,0,0.250000012,0,0,0,0,0,0,0,0,0.762117695,0.139103651,0,0,0.762117695,0.139103651
306,0,0.250000012,0,0,0,0,0,0,0,0,2.589828963,0.615729991,0,0,2.589828963,0.615729991
307,0,0,0,0,0,0,0,0,0,0,1.769129326,0.041094413,0,0,1.769129326,0.041094413
308,0,3.050000174,0,0,0,0,0,0,0,0,2.012868737,2.012868737,0,0,2.012868737,2.012868737
309,0,0,0,0,0,0,0,0,0,0,2.150490534,1.037616623,0,0,2.150490534,1.037616623
310,0,0,0,0,0,0,0,0,0,0,2.184681374,0.036793185,0,0,2.184681374,0.036793185
311,0,0,0,0,0,0,0,0,0,0,2.220079073,0.026738754,0,0,2.220079073,0.026738754
312,0,0,0,0,0,0,0,0,0,0,1.862820693,0.016879124,0,0,1.862820693,0.016879124
313,0,0.250000012,0,0,0,0,0,0,0,0,2.63206117,0.129828413,0,0,2.63206117,0.129828413
314,0,0,0,0,0,0,0,0,0,0,2.02428406,0.046412265,0,0,2.02428406,0.046412265
315,0,0,0,0,0,0,0,0,0,0,2.266664853,0.036073343,0,0,2.266664853,0.036073343
316,0,0,0,0,0,0,0,0,0,0,1.426457791,0.01618418,0,0,1.426457791,0.01618418
317,0,0,0,0,0,0,0,0,0,0,0.690902394,0.00659568,0,0,0.690902394,0.00659568
318,0,0.510000042,0,0,0,0,0,0,0,0,0.939792683,0,0,0,0,0
319,0,0,0,0,0,0,0,0,0,0,0.763362771,0,0,0,0,0
320,0,0,0,0,0,0,0,0,0,0,0.493482197,0,0,0,0,0
321,0,0,0,0,0,0,0,0,0,0,0.605343761,0,0,0,0,0
322,0,0,0,0,0,0,0,0,0,0,0.198740586,0,0,0,0,0
323,0,0,0,0,0,0,0,0,0,0,0.278830316,0,0,0,0,0
324,0,1.020000083,0,0,0,0,0,0,0,0,0.873095122,0,0,0,0,0
325,0,5.840000231,0,0,0,0,0,0,0,0,0.480364134,0,0,0,0,0
326,0,0.510000042,0,0,0,0,0,0,0,0,1.041584965,1.041584965,0,0,1.041584965,1.041584965
327,0,0,0,0,0,0,0,0,0,0,1.73051359,1.73051359,0,0,1.73051359,1.73051359
328,0,0.510000042,0,0,0,0,0,0,0,0,1.169673257,1.169673257,0,0,1.169673257,1.169673257
329,0,0.250000012,0,0,0,0,0,0,0,0,1.034545676,1.034545676,0,0,1.034545676,1.034545676
330,0,0.250000012,0,0,0,0,0,0,0,0,0.450192126,0.450192126,0,0,0.450192126,0.450192126
331,0,0,0,0,0,0,0,0,0,0,1.710458516,1.710458516,0,0,1.710458516,1.710458516
332,0,0,0,0,0,0,0,0,0,0,3.202074773,0.036799795,0,0,3.202074773,0.036799795
333,0,0,0,0,0,0,0,0,0,0,1.680312722,0.012768108,0,0,1.680312722,0.012768108
334,0,0.250000012,0,0,0,0,0,0,0,0,0.96149113,0,0,0,0,0
335,0,0,0,0,0,0,0,0,0,0,0.535090689,0,0,0,0,0
336,0,0,0,0,0,0,0,0,0,0,0.599293858,0,0,0,0,0
337,0,0,0,0,0,0,0,0,0,0,0.550779023,0,0,0,0,0
338,0,3.560000099,0,0,0,0,0,0,0,0,0.403141197,0,0,0,0,0
339,0,0.250000012,0,0,0,0,0,0,0,0,0.364204712,0.364204712,0,0,0.364204712,0.364204712
340,0,5.330000073,0,0,0,0,0,0,0,0,0.935572513,0.935572513,0,0,0.935572513,0.935572513
341,0,0,0,0,0,0,0,0,0,0,0.319002244,0.319002244,0,0,0.319002244,0.319002244
342,0,0,0,0,0,0,0,0,0,0,0.484492235,0.484492235,0,0,0.484492235,0.484492235
343,0,1.78000005,0,0,0,0,0,0,0,0,0.295733775,0.295733775,0,0,0.295733775,0.295733775
344,0,0.760000024,0,0,0,0,0,0,0,0,1.405329457,1.405329457,0,0,1.405329457,1.405329457
345,0,0.510000042,0,0,0,0,0,0,0,0,1.44378564,1.44378564,0,0,1.44378564,1.44378564
346,0,2.289999975,0,0,0,0,0,0,0,0,1.000077601,1.000077601,0,0,1.000077601,1.000077601
347,0,0,0,0,0,0,0,0,0,0,1.398442798,1.398442798,0,0,1.398442798,1.398442798
348,0,0.250000012,0,0,0,0,0,0,0,0,0.191279528,0.191279528,0,0,0.191279528,0.191279528
349,0,0,0,0,0,0,0,0,0,0,0.234246229,0.234246229,0,0,0.234246229,0.234246229
350,0,1.020000083,0,0,0,0,0,0,0,0,0.274952777,0.274952777,0,0,0.274952777,0.274952777
351,0,0.250000012,0,0,0,0,0,0,0,0,0.337006237,0.337006237,0,0,0.337006237,0.337006237
352,0,1.020000083,0,0,0,0,0,0,0,0,0.354676701,0.354676701,0,0,0.354676701,0.354676701
353,0,3.050000174,0,0,0,0,0,0,0,0,1.016056316,1.016056316,0,0,1.016056316,1.016056316
354,0,5.330000073,0,0,0,0,0,0,0,0,0.810906964,0.810906964,0,0,0.810906964,0.810906964
355,0,0.250000012,0,0,0,0,0,0,0,0,1.853860893,1.853860893,0,0,1.853860893,1.853860893
356,0,0,0,0,0,0,0,0,0,0,1.669900341,1.669900341,0,0,1.669900341,1.669900341
357,0,0,0,0,0,0,0,0,0,0,1.379706018,1.379706018,0,0,1.379706018,1.379706018
358,0,11.68000046,0,0,0,0,0,0,0,0,0.974523543,0.974523543,0,0,0.974523543,0.974523543
359,0,0,0,0,0,0,0,0,0,0,1.217232928,1.217232928,0,0,1.217232928,1.217232928
360,0,0,0,0,0,0,0,0,0,0,1.130059709,1.130059709,0,0,1.130059709,1.130059709
361,0,0.510000042,0,0,0,0,0,0,0,0,1.167826693,1.167826693,0,0,1.167826693,1.167826693
362,0,0,0,0,0,0,0,0,0,0,0.701420061,0.701420061,0,0,0.701420061,0.701420061
363,0,0,0,0,0,0,0,0,0,0,1.177552793,0.94180185,0,0,1.177552793,0.94180185
